INSERT INTO futbol.presidente VALUES('10220762-9','Lorenzo','Antillo');
INSERT INTO futbol.presidente VALUES('10383500-3','Cristian', 'Pizarro');
INSERT INTO futbol.presidente VALUES('10414703-8','Anibal','Mosa');
INSERT INTO futbol.presidente VALUES('10472888-K','Jorge','Sanchez');
INSERT INTO futbol.presidente VALUES('10883182-0','Cesare','Rossi');
INSERT INTO futbol.presidente VALUES('10896517-7','Marcelo','Salas');
INSERT INTO futbol.presidente VALUES('10902795-2','Pedro','Cedillo');
INSERT INTO futbol.presidente VALUES('10904664-7','Victoriano','Cerda');
INSERT INTO futbol.presidente VALUES('11152783-0','Ricardo','Abumohor');
INSERT INTO futbol.presidente VALUES('11175072-6','Eduardo','Heresi');
INSERT INTO futbol.presidente VALUES('11238667-K','Manuel','Gahona');
INSERT INTO futbol.presidente VALUES('11409264-9','Jorge','Lafrentz');
INSERT INTO futbol.presidente VALUES('11427397-K','Mariano','Campos');
INSERT INTO futbol.presidente VALUES('11534809-4','Francisco','Ceresuela');
INSERT INTO futbol.presidente VALUES('11616983-5','Juan','Tagle');
INSERT INTO futbol.presidente VALUES('11624731-3','Carlos','Heller');

INSERT INTO futbol.equipo VALUES(1,'Audax Italiano','La Florida','Hugo','Vilches','10220762-9');
INSERT INTO futbol.equipo VALUES(2,'Cobresal','El Salvador','Dalcio','Giovagnoli','10383500-3');
INSERT INTO futbol.equipo VALUES(3,'Colo Colo','Macul','Pablo','Guede','10414703-8');
INSERT INTO futbol.equipo VALUES(4,'Deportes Antofagasta','Antofagasta','Fernando','Vergara','10472888-K');
INSERT INTO futbol.equipo VALUES(5,'Deportes Iquique','Iquique','Jaime','Vera','10883182-0');
INSERT INTO futbol.equipo VALUES(6,'Deportes Temuco','Temuco','Luis','Landeros','10896517-7');
INSERT INTO futbol.equipo VALUES(7,'Everton','Viña del Mar','Pablo','Sanchez','10902795-2');
INSERT INTO futbol.equipo VALUES(8,'Huachipato','Talcahuano','Miguel','Ponce','10904664-7');
INSERT INTO futbol.equipo VALUES(9,'OHiggins','Rancagua','Cristian','Aran','11152783-0');
INSERT INTO futbol.equipo VALUES(10,'Palestino','La Cisterna','Nicolas','Cordova','11175072-6');
INSERT INTO futbol.equipo VALUES(11,'San Luis','Quillota','Miguel','Ramirez','11238667-K');
INSERT INTO futbol.equipo VALUES(12,'Santiago Wanderers','Valparaiso','Eduardo','Espinel','11409264-9');
INSERT INTO futbol.equipo VALUES(13,'Universidad de Concepcion','Concepcion','Francisco','Bozan','11427397-K');
INSERT INTO futbol.equipo VALUES(14,'Union Espanola','Independencia','Martin','Palermo','11534809-4');
INSERT INTO futbol.equipo VALUES(15,'Universidad Catolica','Las Condes','Mario','Salas','11616983-5');
INSERT INTO futbol.equipo VALUES(16,'Universidad de Chile','Ñuñoa','Victor','Castañeda','11624731-3');

INSERT INTO futbol.administra VALUES('10220762-9',1,2012);
INSERT INTO futbol.administra VALUES('10383500-3',2,2012);
INSERT INTO futbol.administra VALUES('10414703-8',3,2015);
INSERT INTO futbol.administra VALUES('10472888-K',4,2014);
INSERT INTO futbol.administra VALUES('10883182-0',5,2009);
INSERT INTO futbol.administra VALUES('10896517-7',6,2013);
INSERT INTO futbol.administra VALUES('10902795-2',7,2016);
INSERT INTO futbol.administra VALUES('10904664-7',8,2014);
INSERT INTO futbol.administra VALUES('11152783-0',9,2006);
INSERT INTO futbol.administra VALUES('11175072-6',10,2016);
INSERT INTO futbol.administra VALUES('11238667-K',11,2014);
INSERT INTO futbol.administra VALUES('11409264-9',12,2008);
INSERT INTO futbol.administra VALUES('11427397-K',13,2007);
INSERT INTO futbol.administra VALUES('11534809-4',14,2014);
INSERT INTO futbol.administra VALUES('11616983-5',15,2016);
INSERT INTO futbol.administra VALUES('11624731-3',16,2014);
/*Audax Italiano*/
INSERT INTO futbol.jugador VALUES('11915269-0','Sergio','Santos','04-09-1994','Brasil','Delantero',1);
INSERT INTO futbol.jugador VALUES('12048504-0','Daud','Gazale','10-08-1984','Chile','Delantero',1);
INSERT INTO futbol.jugador VALUES('12324824-4','Diego','Vallejos','16-03-1990','Chile','Delantero',1);
INSERT INTO futbol.jugador VALUES('12517641-0','Camilo','Melivilu','08-09-1993','Chile','Delantero',1);
INSERT INTO futbol.jugador VALUES('12544831-3','Sebastian','Pol','15-03-1988','Argentina','Delantero',1);
INSERT INTO futbol.jugador VALUES('12619942-2','Marcos','Riquelme','01-06-1989','Argentina','Delantero',1);
INSERT INTO futbol.jugador VALUES('12672830-1','Carlos','Labrin','02-12-1990','Chile','Defensa',1);
INSERT INTO futbol.jugador VALUES('12861503-2','Nicolas','Vargas','15-09-1993','Chile','Defensa',1);
INSERT INTO futbol.jugador VALUES('12868672-K','Osvaldo','Bosso','14-10-1993','Chile','Defensa',1);
INSERT INTO futbol.jugador VALUES('13014176-5','Juan','Cornejo','27-02-1990','Chile','Defensa',1);
INSERT INTO futbol.jugador VALUES('13196697-0','Juan','Mino','23-08-1987','Argentina','Defensa',1);
INSERT INTO futbol.jugador VALUES('13223420-5','Roberto','Romero','29-08-1998','Chile','Defensa',1);
INSERT INTO futbol.jugador VALUES('13611339-9','Nelson','Saavedra','06-04-1988','Chile','Defensa',1);
INSERT INTO futbol.jugador VALUES('13779168-4','Sebastian','Silva','16-07-1991','Chile','Defensa',1);
INSERT INTO futbol.jugador VALUES('13889711-7','Jorge','Faundez','13-04-1996','Chile','Defensa',1);
INSERT INTO futbol.jugador VALUES('13930476-4','Hans','Martinez','04-01-1987','Chile','Defensa',1);
INSERT INTO futbol.jugador VALUES('14024909-2','Nicolas','Peric','19-10-1979','Chile','Arquero',1);
INSERT INTO futbol.jugador VALUES('14095447-0','Eryin','Sanhueza','29-04-1996','Chile','Arquero',1);
INSERT INTO futbol.jugador VALUES('14171494-5','Joaquin','Muñoz','28-12-1990','Chile','Arquero',1);
INSERT INTO futbol.jugador VALUES('14253964-0','Cesar','Cortes','09-01-1984','Chile','Volante',1);
INSERT INTO futbol.jugador VALUES('14515084-1','Ivan','Vasquez','13-08-1985','Chile','Volante',1);
INSERT INTO futbol.jugador VALUES('14632689-7','Bryan','Carrasco','31-01-1991','Chile','Volante',1);
INSERT INTO futbol.jugador VALUES('14739147-1','Matias','Campos','22-06-1989','Chile','Volante',1);
INSERT INTO futbol.jugador VALUES('14824165-1','Rene','Melendez','19-11-1998','Chile','Volante',1);
INSERT INTO futbol.jugador VALUES('14858209-2','Eduardo','Navarrete','07-06-1996','Chile','Volante',1);
INSERT INTO futbol.jugador VALUES('14888962-7','Alexis','Delgado','31-12-1987','Chile','Volante',1);
INSERT INTO futbol.jugador VALUES('15054655-9','David','Drocco','20-01-1989','Argentina','Volante',1);
/*Cobresal*/
INSERT INTO futbol.jugador VALUES('15270472-0','Ivan','Sandoval','22-04-1995','Chile','Delantero',2);
INSERT INTO futbol.jugador VALUES('15273316-K','Ronaldo','Abarca','12-02-1998','Chile','Delantero',2);
INSERT INTO futbol.jugador VALUES('15714035-3','Ever','Cantero','03-12-1985','Paraguay','Delantero',2);
INSERT INTO futbol.jugador VALUES('15802859-K','Carlos','Oyaneder','07-07-1990','Chile','Delantero',2);
INSERT INTO futbol.jugador VALUES('15822952-8','Lino','Maldonado','27-07-1990','Chile','Delantero',2);
INSERT INTO futbol.jugador VALUES('16031701-9','Flavio','Rojas','16-01-1994','Chile','Defensa',2);
INSERT INTO futbol.jugador VALUES('16155423-5','Francisco','Sanchez','02-06-1985','Chile','Defensa',2);
INSERT INTO futbol.jugador VALUES('16193853-K','Juan','Contreras','08-07-1993','Chile','Defensa',2);
INSERT INTO futbol.jugador VALUES('16275820-9','Federico','Martorell','26-03-1981','Argentina','Defensa',2);
INSERT INTO futbol.jugador VALUES('16678805-6','Eduardo','Otarola','15-06-1992','Chile','Defensa',2);
INSERT INTO futbol.jugador VALUES('16860658-3','Miguel','Escalona','23-03-1990','Chile','Defensa',2);
INSERT INTO futbol.jugador VALUES('16875752-2','Hugo','Herrera','15-07-1997','Chile','Defensa',2);
INSERT INTO futbol.jugador VALUES('16888972-0','Alexis','Salazar','03-06-1983','Chile','Defensa',2);
INSERT INTO futbol.jugador VALUES('17168229-0','Patricio','Jerez','29-06-1987','Chile','Defensa',2);
INSERT INTO futbol.jugador VALUES('17180947-9','Juan','Campos','12-01-1995','Chile','Defensa',2);
INSERT INTO futbol.jugador VALUES('17238574-5','Jeff','Barria','11-5-1994','Chile','Arquero',2);
INSERT INTO futbol.jugador VALUES('17347339-7','Sebastian','Cuerdo','16-07-1986','Argentina','Arquero',2);
INSERT INTO futbol.jugador VALUES('17455368-8','Diego','Lara','10-11-1997','Chile','Arquero',2);
INSERT INTO futbol.jugador VALUES('17670111-0','Ismael','Poblete','22-06-1995','Chile','Volante',2);
INSERT INTO futbol.jugador VALUES('17751779-8','Jose','Cabion','14-11-1983','Chile','Volante',2);
INSERT INTO futbol.jugador VALUES('17812987-2','Fabian','Astorga','07-02-1997','Chile','Volante',2);
INSERT INTO futbol.jugador VALUES('17918637-3','Matias','Rojas','29-10-1996','Chile','Volante',2);
INSERT INTO futbol.jugador VALUES('17954704-K','Gabriel','Solis','24-06-1984','Argentina','Volante',2);
INSERT INTO futbol.jugador VALUES('17980112-4','Fabian','Nuñez','25-06-1992','Chile','Volante',2);
INSERT INTO futbol.jugador VALUES('18165513-5','Nelson','Sepulveda','22-01-1992','Chile','Volante',2);
/*Colo Colo*/
INSERT INTO futbol.jugador VALUES('18224508-9','Esteban','Paredes','01-08-1980','Chile','Delantero',3);
INSERT INTO futbol.jugador VALUES('18604139-9','Octavio','Rivero','24-01-1992','Uruguay','Delantero',3);
INSERT INTO futbol.jugador VALUES('18654794-2','Luis','Figueroa','14-05-1983','Chile','Delantero',3);
INSERT INTO futbol.jugador VALUES('18675546-4','Andres','Vilches','14-01-1992','Chile','Delantero',3);
INSERT INTO futbol.jugador VALUES('18695903-5','Cristian','Gutierrez','18-02-1997','Chile','Defensa',3);
INSERT INTO futbol.jugador VALUES('18736435-3','Claudio','Baeza','23-12-1993','Chile','Defensa',3);
INSERT INTO futbol.jugador VALUES('18854108-9','Luis','Pavez','17-09-1995','Chile','Defensa',3);
INSERT INTO futbol.jugador VALUES('18919671-7','Jorge','Araya','25-03-1994','Chile','Defensa',3);
INSERT INTO futbol.jugador VALUES('18967154-7','Julio','Barroso','16-01-1985','Argentina','Defensa',3);
INSERT INTO futbol.jugador VALUES('18971132-8','Michael','Rios','24-04-1985','Chile','Defensa',3);
INSERT INTO futbol.jugador VALUES('19013735-K','Felipe','Campos','08-11-1993','Chile','Defensa',3);
INSERT INTO futbol.jugador VALUES('19021885-6','Diego','Ohlsson','02-03-1999','Chile','Defensa',3);
INSERT INTO futbol.jugador VALUES('19070783-0','Matias','Zaldivia','22-01-1991','Argentina','Defensa',3);
INSERT INTO futbol.jugador VALUES('19077291-8','Gabriel','Suazo','09-08-1997','Chile','Defensa',3);
INSERT INTO futbol.jugador VALUES('19395720-K','Valber','Huerta','26-08-1993','Chile','Defensa',3);
INSERT INTO futbol.jugador VALUES('19539816-K','Justo','Villar','30-06-1977','Paraguay','Arquero',3);
INSERT INTO futbol.jugador VALUES('19680734-9','Paulo','Garces','02-08-1984','Chile','Arquero',3);
INSERT INTO futbol.jugador VALUES('19762226-1','Alvaro','Salazar','24-03-1993','Chile','Arquero',3);
INSERT INTO futbol.jugador VALUES('19910576-0','Bryan','Carvallo','15-09-1996','Chile','Volante',3);
INSERT INTO futbol.jugador VALUES('19968162-1','Gonzalo','Fierro','21-03-1983','Chile','Volante',3);
INSERT INTO futbol.jugador VALUES('20154286-3','Ariel','Martinez','06-04-1998','Chile','Volante',3);
INSERT INTO futbol.jugador VALUES('20175465-8','Ramon','Fernandez','03-12-1984','Argentina','Volante',3);
INSERT INTO futbol.jugador VALUES('20308736-5','Marcos','Bolados','28-02-1996','Chile','Volante',3);
INSERT INTO futbol.jugador VALUES('20322470-2','Esteban','Pavez','01-05-1990','Chile','Volante',3);
INSERT INTO futbol.jugador VALUES('20342408-6','Martin','Rodriguez','05-08-1994','Chile','Volante',3);
INSERT INTO futbol.jugador VALUES('20367174-1','Bryan','Vejar','14-07-1995','Chile','Volante',3);
/*Deportes Antofagasta*/
INSERT INTO futbol.jugador VALUES('20458522-9','Johan','Moreno','10-06-1991','Venezuela','Delantero',4);
INSERT INTO futbol.jugador VALUES('20471453-3','Oscar','Salinas','26-06-1988','Chile','Delantero',4);
INSERT INTO futbol.jugador VALUES('20514598-2','Osman','Huerta','16-06-1989','Chile','Delantero',4);
INSERT INTO futbol.jugador VALUES('20532940-4','Yoel','Burgueno','15-02-1988','Uruguay','Delantero',4);
INSERT INTO futbol.jugador VALUES('20536510-9','Flavio','Ciampichetti','07-03-1988','Argentina','Delantero',4);
INSERT INTO futbol.jugador VALUES('20744048-5','Francisco','Castro','04-09-1990','Chile','Delantero',4);
INSERT INTO futbol.jugador VALUES('20798945-2','Tomas','Astaburuaga','11-10-1996','Chile','Defensa',4);
INSERT INTO futbol.jugador VALUES('20940580-6','Cristian','Rojas','19-12-1985','Chile','Defensa',4);
INSERT INTO futbol.jugador VALUES('20967140-9','Augusto','Barrios','03-10-1991','Chile','Defensa',4);
INSERT INTO futbol.jugador VALUES('21025750-0','Alejandro','Delfino','18-09-1989','Argentina','Defensa',4);
INSERT INTO futbol.jugador VALUES('21134579-9','Henry','Sanhueza','17-08-1996','Chile','Defensa',4);
INSERT INTO futbol.jugador VALUES('21173572-4','Patricio','Jerez','19-05-1985','Chile','Defensa',4);
INSERT INTO futbol.jugador VALUES('21455801-7','Gonzalo','Villagra','17-09-1981','Chile','Defensa',4);
INSERT INTO futbol.jugador VALUES('21547899-8','Branco','Ampuero','19-07-1993','Chile','Defensa',4);
INSERT INTO futbol.jugador VALUES('21977574-1','Christopher','Ross','01-06-1994','Chile','Defensa',4);
INSERT INTO futbol.jugador VALUES('22032325-0','Claudio','Muñoz','24-12-1984','Chile','Defensa',4);
INSERT INTO futbol.jugador VALUES('22178953-9','Eduardo','Cordero','11-03-1996','Chile','Defensa',4);
INSERT INTO futbol.jugador VALUES('22261858-4','Matias','Dituro','08-05-1987','Argentina','Arquero',4);
INSERT INTO futbol.jugador VALUES('22494820-4','Fernando','Hurtado','05-04-1983','Chile','Arquero',4);
INSERT INTO futbol.jugador VALUES('22684394-9','Hugo','Droguett','02-09-1982','Chile','Volante',4);
INSERT INTO futbol.jugador VALUES('22725515-3','Ronald','Gonzalez','17-10-1990','Chile','Volante',4);
INSERT INTO futbol.jugador VALUES('23002458-8','Pablo','Corral','16-01-1992','Chile','Volante',4);
INSERT INTO futbol.jugador VALUES('23091749-3','Ian','Cordova','04-04-1995','Chile','Volante',4);
INSERT INTO futbol.jugador VALUES('23296182-1','Kevin','Harbottle','08-06-1990','Chile','Volante',4);
INSERT INTO futbol.jugador VALUES('23322673-4','Dino','Agote','30-04-1996','Chile','Volante',4);
INSERT INTO futbol.jugador VALUES('23512271-5','Luis','Cabrera','07-01-1994','Chile','Volante',4);
/*Deportes Iquique*/
INSERT INTO futbol.jugador VALUES('23566190-K','Manuel','Villalobos','15-10-1980','Chile','Delantero',5);
INSERT INTO futbol.jugador VALUES('23722417-5','Ivan','Ocampo','18-05-2000','Chile','Delantero',5);
INSERT INTO futbol.jugador VALUES('23732312-2','Cesar','Huanca','04-06-2001','Chile','Delantero',5);
INSERT INTO futbol.jugador VALUES('23754867-1','Felipe','Reynero','14-03-1989','Chile','Delantero',5);
INSERT INTO futbol.jugador VALUES('23942854-1','Alvaro','Ramos','14-04-1992','Chile','Delantero',5);
INSERT INTO futbol.jugador VALUES('24009566-1','Rafael','Caroca','19-07-1989','Chile','Defensa',5);
INSERT INTO futbol.jugador VALUES('24107762-4','Felipe','Gonzalez','05-12-1997','Chile','Defensa',5);
INSERT INTO futbol.jugador VALUES('24244635-6','Brayan','Cubillos','30-10-1994','Chile','Defensa',5);
INSERT INTO futbol.jugador VALUES('24293112-2','Humberto','Bustamante','19-05-1990','Chile','Defensa',5);
INSERT INTO futbol.jugador VALUES('24342410-0','Tomas','Charles','12-06-1985','Argentina','Defensa',5);
INSERT INTO futbol.jugador VALUES('24468430-0','Diego','Fernandez','08-03-1998','Chile','Defensa',5);
INSERT INTO futbol.jugador VALUES('24545670-0','Alan','Moreno','30-10-1995','Chile','Defensa',5);
INSERT INTO futbol.jugador VALUES('24677944-9','Hernan','Lopes','28-03-1991','Argentina','Defensa',5);
INSERT INTO futbol.jugador VALUES('24690035-3','Jonathan','Rebolledo','22-10-1991','Chile','Defensa',5);
INSERT INTO futbol.jugador VALUES('24897545-8','Matias','Figueroa','07-05-1997','Chile','Defensa',5);
INSERT INTO futbol.jugador VALUES('24968937-8','Enzo','Guerrero','31-01-1991','Chile','Defensa',5);
INSERT INTO futbol.jugador VALUES('25058206-4','Mauricio','Zenteno','21-04-1984','Chile','Defensa',5);
INSERT INTO futbol.jugador VALUES('25074682-2','Rodrigo','Naranjo','30-08-1979','Chile','Arquero',5);
INSERT INTO futbol.jugador VALUES('25186014-9','Brayan','Cortes','11-03-1995','Chile','Arquero',5);
INSERT INTO futbol.jugador VALUES('25214929-5','Kevin','Mellado','19-03-1998','Chile','Volante',5);
INSERT INTO futbol.jugador VALUES('25464441-2','Misael','Davila','17-07-1991','Chile','Volante',5);
INSERT INTO futbol.jugador VALUES('25472910-8','Misael','Cubillos','06-02-1996','Chile','Volante',5);
INSERT INTO futbol.jugador VALUES('25503572-K','Luis','Bustamante','11-12-1985','Argentina','Volante',5);
INSERT INTO futbol.jugador VALUES('25653553-K','Jose','Cepeda','11-10-1996','Chile','Volante',5);
INSERT INTO futbol.jugador VALUES('25737594-3','Mathias','Riquero','29-08-1982','Uruguay','Volante',5);
INSERT INTO futbol.jugador VALUES('25747733-9','Carlos','Gonzalez','06-12-1994','Chile','Volante',5);
INSERT INTO futbol.jugador VALUES('25767152-6','Diego','Torres','06-11-1990','Argentina','Volante',5);
/*Deportes Temuco*/
INSERT INTO futbol.jugador VALUES('25793777-1','Lucas','Campana','09-03-1993','Argentina','Delantero',6);
INSERT INTO futbol.jugador VALUES('25999917-0','Matias','Donoso','08-07-1986','Chile','Delantero',6);
INSERT INTO futbol.jugador VALUES('26247170-5','Cris','Martinez','24-04-1993','Paraguay','Delantero',6);
INSERT INTO futbol.jugador VALUES('26651954-0','Jose','Huentelaf','22-01-1989','Chile','Delantero',6);
INSERT INTO futbol.jugador VALUES('26794487-3','Cristian','Canio','31-05-1981','Chile','Delantero',6);
INSERT INTO futbol.jugador VALUES('26951471-K','Fernando','Lazcano','10-11-1988','Chile','Defensa',6);
INSERT INTO futbol.jugador VALUES('27097291-8','Luis','Casanova','01-07-1992','Chile','Defensa',6);
INSERT INTO futbol.jugador VALUES('27218213-2','Sebastian','Diaz','26-02-1996','Chile','Defensa',6);
INSERT INTO futbol.jugador VALUES('27219714-8','Cristian','Gonzalez','16-08-1985','Chile','Defensa',6);
INSERT INTO futbol.jugador VALUES('27229283-3','Miguel','Aceval','08-01-1983','Chile','Defensa',6);
INSERT INTO futbol.jugador VALUES('27258113-4','Jaime','Soto','20-04-1992','Chile','Defensa',6);
INSERT INTO futbol.jugador VALUES('27396408-8','Matias','Navarrete','20-01-1992','Chile','Defensa',6);
INSERT INTO futbol.jugador VALUES('27576037-4','Diego','Diaz','12-06-1986','Chile','Defensa',6);
INSERT INTO futbol.jugador VALUES('27592944-1','Cristobal','Vergara','20-06-1994','Chile','Defensa',6);
INSERT INTO futbol.jugador VALUES('27610573-6','Sebastian','Dominguez','05-12-1987','Chile','Defensa',6);
INSERT INTO futbol.jugador VALUES('27654678-3','Orlando','Gutierrez','19-08-1989','Chile','Defensa',6);
INSERT INTO futbol.jugador VALUES('27717337-9','Jose','Gamonal','09-10-1989','Chile','Arquero',6);
INSERT INTO futbol.jugador VALUES('27738996-7','Luis','Marin','18-05-1983','Chile','Arquero',6);
INSERT INTO futbol.jugador VALUES('27881614-1','Francisco','Pina','16-01-1988','Chile','Volante',6);
INSERT INTO futbol.jugador VALUES('28138706-5','Ruben','Cepeda','17-06-1994','Chile','Volante',6);
INSERT INTO futbol.jugador VALUES('28450612-K','Sergio','Lopez','04-01-1989','Argentina','Volante',6);
INSERT INTO futbol.jugador VALUES('28606306-3','Joaquin','Aros','23-01-1996','Chile','Volante',6);
/*Everton*/
INSERT INTO futbol.jugador VALUES('28712986-6','Brian','Rodriguez','14-08-1986','Uruguay','Delantero',7);
INSERT INTO futbol.jugador VALUES('28834735-2','Pedro','Sanchez','07-02-1998','Chile','Delantero',7);
INSERT INTO futbol.jugador VALUES('28917917-8','Simon','Almeida','26-01-1995','Mexico','Delantero',7);
INSERT INTO futbol.jugador VALUES('28943143-8','Sebastian','Varas','01-08-1988','Chile','Delantero',7);
INSERT INTO futbol.jugador VALUES('29090661-K','Camilo','Ponce','18-02-1991','Chile','Delantero',7);
INSERT INTO futbol.jugador VALUES('29201841-K','Maximiliano','Ceratto','21-04-1988','Argentina','Delantero',7);
INSERT INTO futbol.jugador VALUES('29244651-9','Camilo','Rodriguez','04-03-1995','Chile','Defensa',7);
INSERT INTO futbol.jugador VALUES('29379206-2','Dilan','Zuniga','26-07-1996','Chile','Defensa',7);
INSERT INTO futbol.jugador VALUES('29387414-K','Cristian','Suarez','06-02-1987','Chile','Defensa',7);
INSERT INTO futbol.jugador VALUES('29611137-6','Sebastian','Leyton','13-05-1993','Chile','Defensa',7);
INSERT INTO futbol.jugador VALUES('29815852-3','Gonzalo','Rojo','26-01-1994','Chile','Defensa',7);
INSERT INTO futbol.jugador VALUES('29896514-3','Gino','Alucema','26-09-1992','Chile','Defensa',7);
INSERT INTO futbol.jugador VALUES('29906642-8','Matias','Blazquez','08-05-1991','Chile','Defensa',7);
INSERT INTO futbol.jugador VALUES('29929767-5','Diego','Orellana','16-05-1993','Chile','Defensa',7);
INSERT INTO futbol.jugador VALUES('29934275-1','Jordano','Cisterna','02-02-1996','Chile','Defensa',7);
INSERT INTO futbol.jugador VALUES('30030221-1','Marcos','Velasquez','23-06-1988','Chile','Defensa',7);
INSERT INTO futbol.jugador VALUES('30080861-1','Sebastian','Perez','02-09-1990','Chile','Arquero',7);
INSERT INTO futbol.jugador VALUES('30119830-2','Luis','Velasquez','28-09-1993','Chile','Arquero',7);
INSERT INTO futbol.jugador VALUES('30121310-7','Eduardo','Lobos','30-07-1981','Chile','Arquero',7);
INSERT INTO futbol.jugador VALUES('30179152-6','Nicolas','Orellana','03-09-1995','Chile','Volante',7);
INSERT INTO futbol.jugador VALUES('30319022-8','Rodrigo','Echeverria','17-04-1995','Chile','Volante',7);
INSERT INTO futbol.jugador VALUES('30410972-6','Franco','Ragusa','14-05-1993','Chile','Volante',7);
INSERT INTO futbol.jugador VALUES('30515749-K','Diego','Rojas','15-02-1995','Chile','Volante',7);
INSERT INTO futbol.jugador VALUES('30626009-K','Sebastian','Gonzalez','04-03-1992','Argentina','Volante',7);
INSERT INTO futbol.jugador VALUES('30652167-5','Jorge','Romo','09-01-1990','Chile','Volante',7);
INSERT INTO futbol.jugador VALUES('30772513-4','Nicolas','Penailillo','13-06-1991','Chile','Volante',7);
/*Huachipato*/
INSERT INTO futbol.jugador VALUES('30819769-7','Juan','Duma','08-12-1993','Argentina','Delantero',8);
INSERT INTO futbol.jugador VALUES('30850003-9','Vicente','Gatica','11-02-1996','Chile','Delantero',8);
INSERT INTO futbol.jugador VALUES('30994528-K','Angelo','Sagal','18-04-1993','Chile','Delantero',8);
INSERT INTO futbol.jugador VALUES('31074174-4','Camilo','Pontoni','29-01-1995','Chile','Defensa',8);
INSERT INTO futbol.jugador VALUES('31076764-6','Leonardo','Povea','26-01-1994','Chile','Defensa',8);
INSERT INTO futbol.jugador VALUES('31221504-7','Ricardo','Gonzalez','10-03-1995','Chile','Defensa',8);
INSERT INTO futbol.jugador VALUES('31764441-8','Kevin','Hidalgo','29-07-1995','Chile','Defensa',8);
INSERT INTO futbol.jugador VALUES('31837605-0','Claudio','Jopia','17-11-1991','Chile','Defensa',8);
INSERT INTO futbol.jugador VALUES('31877710-1','Andres','Robles','07-05-1994','Chile','Defensa',8);
INSERT INTO futbol.jugador VALUES('31891838-4','Jose','Bizama','25-06-1994','Chile','Defensa',8);
INSERT INTO futbol.jugador VALUES('31915708-5','Omar','Merlo','12-06-1987','Argentina','Defensa',8);
INSERT INTO futbol.jugador VALUES('32257921-7','Carlos','Lampe','17-03-1987','Bolivia','Arquero',8);
INSERT INTO futbol.jugador VALUES('32310379-8','Franco','Collado','18-09-1999','Chile','Arquero',8);
INSERT INTO futbol.jugador VALUES('32464817-8','Victor','Davila','04-11-1997','Chile','Volante',8);
INSERT INTO futbol.jugador VALUES('32504563-9','Martin','Molini','20-05-1995','Argentina','Volante',8);
INSERT INTO futbol.jugador VALUES('32601867-8','Cesar','Valenzuela','04-09-1992','Chile','Volante',8);
INSERT INTO futbol.jugador VALUES('32649175-6','Claudio','Sepulveda','19-06-1992','Chile','Volante',8);
INSERT INTO futbol.jugador VALUES('32753197-2','Jimmy','Martinez','26-01-1997','Chile','Volante',8);
/*O'Higgins*/
INSERT INTO futbol.jugador VALUES('32757370-5','Cristian','Insaurralde','20-07-1991','Argentina','Delantero',9);
INSERT INTO futbol.jugador VALUES('32773829-1','Pedro','Muñoz','09-06-1986','Chile','Delantero',9);
INSERT INTO futbol.jugador VALUES('32785278-7','David','Salazar','19-04-1999','Chile','Delantero',9);
INSERT INTO futbol.jugador VALUES('33079123-3','Pablo','Calandria','15-03-1982','Argentina','Delantero',9);
INSERT INTO futbol.jugador VALUES('33281392-7','Ivan','Bulos','20-05-1993','Peru','Delantero',9);
INSERT INTO futbol.jugador VALUES('33443805-8','Gaston','Lezcano','21-11-1986','Argentina','Delantero',9);
INSERT INTO futbol.jugador VALUES('33531868-4','Manuel','Bravo','15-02-1993','Chile','Defensa',9);
INSERT INTO futbol.jugador VALUES('33609280-9','Francisco','Arancibia','12-11-1996','Chile','Defensa',9);
INSERT INTO futbol.jugador VALUES('33622572-8','Bastian','San Juan','27-04-1994','Chile','Defensa',9);
INSERT INTO futbol.jugador VALUES('33679124-3','Juan','Fuentes','21-03-1995','Chile','Defensa',9);
INSERT INTO futbol.jugador VALUES('33731283-7','Yerson','Opazo','24-12-1984','Chile','Defensa',9);
INSERT INTO futbol.jugador VALUES('33734006-7','Raul','Osorio','29-06-1995','Chile','Defensa',9);
INSERT INTO futbol.jugador VALUES('33784809-5','Albert','Acevedo','06-05-1983','Chile','Defensa',9);
INSERT INTO futbol.jugador VALUES('33843862-1','Esteban','Gonzalez','22-05-1982','Chile','Defensa',9);
INSERT INTO futbol.jugador VALUES('34066880-4','Miguel','Pinto','04-07-1983','Chile','Arquero',9);
INSERT INTO futbol.jugador VALUES('34082662-0','Luis','Ureta','08-03-1999','Chile','Arquero',9);
INSERT INTO futbol.jugador VALUES('34094189-6','Leonardo','Figueroa','17-03-1992','Chile','Arquero',9);
INSERT INTO futbol.jugador VALUES('34142049-0','Matias','Sepulveda','12-03-1999','Chile','Volante',9);
INSERT INTO futbol.jugador VALUES('34169601-1','Marco','Medel','30-06-1989','Chile','Volante',9);
INSERT INTO futbol.jugador VALUES('34172896-7','Santiago','Lizana','30-09-1992','Chile','Volante',9);
INSERT INTO futbol.jugador VALUES('34420111-0','Gonzalo','Barriga','21-07-1984','Chile','Volante',9);
INSERT INTO futbol.jugador VALUES('34673439-6','Alejandro','Marquez','31-10-1991','Chile','Volante',9);
INSERT INTO futbol.jugador VALUES('34747311-1','Diego','Gonzalez','29-04-1998','Chile','Volante',9);
INSERT INTO futbol.jugador VALUES('34836833-8','Brian','Torrealba','14-07-1997','Chile','Volante',9);
INSERT INTO futbol.jugador VALUES('34870093-6','Leandro','Sosa','24-06-1994','Uruguay','Volante',9);
/*Palestino*/
INSERT INTO futbol.jugador VALUES('34874182-9','Leandro','Benegas','27-11-1988','Argentina','Delantero',10);
INSERT INTO futbol.jugador VALUES('35073697-2','Jonathan','Cisternas','16-06-1980','Chile','Defensa',10);
INSERT INTO futbol.jugador VALUES('35313214-8','Jonathan','Cantillana','18-04-1997','Chile','Defensa',10);
INSERT INTO futbol.jugador VALUES('35488848-3','Benjamin','Vidal','18-03-1991','Chile','Defensa',10);
INSERT INTO futbol.jugador VALUES('35532831-7','Diego','Rosende','11-02-1986','Chile','Defensa',10);
INSERT INTO futbol.jugador VALUES('35631115-9','Diego','Oyarzun','19-01-1993','Chile','Defensa',10);
INSERT INTO futbol.jugador VALUES('35744012-2','Ezequiel','Luna','19-11-1986','Argentina','Defensa',10);
INSERT INTO futbol.jugador VALUES('35756180-9','Jose','Sagredo','24-06-1994','Chile','Defensa',10);
INSERT INTO futbol.jugador VALUES('35816888-4','Roberto','Cereceda','10-10-1984','Chile','Defensa',10);
INSERT INTO futbol.jugador VALUES('35864254-3','Jorge','Schwager','15-05-1984','Chile','Defensa',10);
INSERT INTO futbol.jugador VALUES('35867764-9','Ignacio','Gonzalez','02-12-1989','Chile','Arquero',10);
INSERT INTO futbol.jugador VALUES('36044676-K','Dario','Melo','24-03-1994','Chile','Arquero',10);
INSERT INTO futbol.jugador VALUES('36159662-5','Agustin','Farias','25-12-1987','Argentina','Volante',10);
INSERT INTO futbol.jugador VALUES('36216082-0','Jason','Silva','13-02-1991','Chile','Volante',10);
INSERT INTO futbol.jugador VALUES('36247930-4','Franco','Mazurek','24-09-1993','Argentina','Volante',10);
INSERT INTO futbol.jugador VALUES('36909250-2','Diego','Torres','31-07-1992','Chile','Volante',10);
INSERT INTO futbol.jugador VALUES('37025954-2','Leonardo','Valencia','25-04-1991','Chile','Volante',10);
INSERT INTO futbol.jugador VALUES('37069510-5','Esteban','Carvajal','17-11-1988','Chile','Volante',10);
INSERT INTO futbol.jugador VALUES('37174206-9','Yerko','Rojas','06-10-1995','Chile','Volante',10);
INSERT INTO futbol.jugador VALUES('37421895-6','Francisco','Sierralta','06-05-1997','Chile','Volante',10);
/*San Luis*/
INSERT INTO futbol.jugador VALUES('37730391-1','Gonzalo','Aban','11-06-1986','Argentina','Delantero',11);
INSERT INTO futbol.jugador VALUES('37737396-0','Alejandro','Fiorina','11-03-1988','Argentina','Delantero',11);
INSERT INTO futbol.jugador VALUES('37805257-2','Jaime','Grondona','15-04-1987','Chile','Delantero',11);
INSERT INTO futbol.jugador VALUES('37830533-0','Gerson','Martinez','10-01-1989','Chile','Delantero',11);
INSERT INTO futbol.jugador VALUES('37942675-1','Carlos','Escobar','24-12-1989','Chile','Delantero',11);
INSERT INTO futbol.jugador VALUES('38083421-9','Daniel','Vicencio','04-08-1992','Chile','Defensa',11);
INSERT INTO futbol.jugador VALUES('38087242-0','Ignacio','Lara','07-06-1996','Chile','Defensa',11);
INSERT INTO futbol.jugador VALUES('38212669-6','Gonzalo','Rivas','20-10-1995','Chile','Defensa',11);
INSERT INTO futbol.jugador VALUES('38267727-7','Brayams','Viveros','03-02-1992','Chile','Defensa',11);
INSERT INTO futbol.jugador VALUES('38288385-3','Alvaro','Cesped','10-10-1991','Chile','Defensa',11);
INSERT INTO futbol.jugador VALUES('38310769-5','Victor','Morales','05-06-1991','Chile','Defensa',11);
INSERT INTO futbol.jugador VALUES('38365226-K','Fernando','Saavedra','11-04-1986','Chile','Defensa',11);
INSERT INTO futbol.jugador VALUES('38545966-1','Diego','Silva','11-03-1983','Chile','Defensa',11);
INSERT INTO futbol.jugador VALUES('38575106-0','Alan','Chaparro','29-05-1996','Chile','Arquero',11);
INSERT INTO futbol.jugador VALUES('38875618-7','Nicolas','Cano','20-04-1986','Argentina','Arquero',11);
INSERT INTO futbol.jugador VALUES('38930230-9','David','Reyes','17-01-1985','Chile','Arquero',11);
INSERT INTO futbol.jugador VALUES('39160651-K','Felipe','Saavedra','26-09-1996','Chile','Volante',11);
INSERT INTO futbol.jugador VALUES('39241979-9','Rodrigo','Gonzalez','30-11-1995','Chile','Volante',11);
INSERT INTO futbol.jugador VALUES('39304439-K','Jhon','Santander','15-05-1994','Chile','Volante',11);
INSERT INTO futbol.jugador VALUES('39309010-3','Boris','Sagredo','21-03-1989','Chile','Volante',11);
INSERT INTO futbol.jugador VALUES('39383993-7','Leandro','Sirino','22-02-1991','Uruguay','Volante',11);
INSERT INTO futbol.jugador VALUES('39435415-5','Braulio','Leal','22-11-1981','Chile','Volante',11);
INSERT INTO futbol.jugador VALUES('39480932-2','Sebastian','Ramirez','18-05-1992','Uruguay','Volante',11);
INSERT INTO futbol.jugador VALUES('39795963-5','Gonzalo','Sepulveda','10-11-1988','Chile','Volante',11);
INSERT INTO futbol.jugador VALUES('40176933-1','Juan','Gomez','11-05-1991','Argentina','Volante',11);
INSERT INTO futbol.jugador VALUES('40241112-0','Johan','Fuentes','02-02-1984','Chile','Volante',11);
/*Santiago Wanderers*/
INSERT INTO futbol.jugador VALUES('40328307-K','Jonathan','Charquero','21-02-1989','Uruguay','Delantero',12);
INSERT INTO futbol.jugador VALUES('40436275-5','Rodrigo','Pastorini','04-04-1990','Uruguay','Delantero',12);
INSERT INTO futbol.jugador VALUES('40492654-3','Ruben','Farfan','25-09-1991','Chile','Delantero',12);
INSERT INTO futbol.jugador VALUES('40962854-0','Roberto','Saldias','25-02-1993','Chile','Delantero',12);
INSERT INTO futbol.jugador VALUES('40998533-5','Franco','Ortega','25-06-1996','Chile','Delantero',12);
INSERT INTO futbol.jugador VALUES('41123625-0','Javier','Parraguez','31-12-1989','Chile','Delantero',12);
INSERT INTO futbol.jugador VALUES('41153092-2','Gonzalo','Candia','18-07-1994','Chile','Delantero',12);
INSERT INTO futbol.jugador VALUES('41233802-2','Jimmy','Cisterna','05-04-1993','Chile','Defensa',12);
INSERT INTO futbol.jugador VALUES('41248551-3','Mario','Parra','09-01-1993','Chile','Defensa',12);
INSERT INTO futbol.jugador VALUES('41360840-6','Mario','Lopez','06-07-1995','Paraguay','Defensa',12);
INSERT INTO futbol.jugador VALUES('41477587-K','Federico','Perez','23-01-1986','Uruguay','Defensa',12);
INSERT INTO futbol.jugador VALUES('41620293-1','Luis','Garcia','09-02-1996','Chile','Defensa',12);
INSERT INTO futbol.jugador VALUES('41955065-5','Reinaldo','Ahumada','30-05-1997','Chile','Defensa',12);
INSERT INTO futbol.jugador VALUES('42114664-0','Agustin','Parra','10-06-1989','Chile','Defensa',12);
INSERT INTO futbol.jugador VALUES('42125315-3','Nery','Veloso','01-03-1987','Chile','Arquero',12);
INSERT INTO futbol.jugador VALUES('42190430-8','David','Perez','12-02-1997','Chile','Arquero',12);
INSERT INTO futbol.jugador VALUES('42262521-6','Gabriel','Castellon','08-09-1993','Chile','Arquero',12);
INSERT INTO futbol.jugador VALUES('42361278-9','Kevin','Vasquez','27-06-1997','Chile','Volante',12);
INSERT INTO futbol.jugador VALUES('42449502-6','Matias','Fernandez','14-08-1995','Chile','Volante',12);
INSERT INTO futbol.jugador VALUES('42502955-K','David','Terans','11-08-1994','Uruguay','Volante',12);
INSERT INTO futbol.jugador VALUES('42662265-3','Sebastian','Reyes','06-03-1993','Chile','Volante',12);
INSERT INTO futbol.jugador VALUES('42736749-5','Yerko','Muñoz','16-03-1996','Chile','Volante',12);
INSERT INTO futbol.jugador VALUES('42755437-6','Oscar','Opazo','18-10-1990','Chile','Volante',12);
INSERT INTO futbol.jugador VALUES('42878329-8','Angelo','Quiñones','20-07-1998','Chile','Volante',12);
INSERT INTO futbol.jugador VALUES('42908239-0','Adrian','Cuadra','23-10-1997','Chile','Volante',12);
INSERT INTO futbol.jugador VALUES('43027681-6','Kevin','Sepulveda','20-07-1993','Chile','Volante',12);
INSERT INTO futbol.jugador VALUES('43088742-4','Juan','Soto','02-07-1994','Chile','Volante',12);
/*Universidad de Concepcion*/
INSERT INTO futbol.jugador VALUES('43232686-1','Jean','Meneses','16-03-1993','Chile','Delantero',13);
INSERT INTO futbol.jugador VALUES('43264158-9','Renato','Tarifeño','06-09-1996','Chile','Delantero',13);
INSERT INTO futbol.jugador VALUES('43306450-K','Jonathan','Benitez','04-09-1991','Argentina','Delantero',13);
INSERT INTO futbol.jugador VALUES('43309355-0','Alexis','Machuca','10-05-1990','Argentina','Defensa',13);
INSERT INTO futbol.jugador VALUES('43338809-7','Waldo','Ponce','04-12-1982','Chile','Defensa',13);
INSERT INTO futbol.jugador VALUES('43358146-6','Esteban','Flores','07-04-1992','Chile','Defensa',13);
INSERT INTO futbol.jugador VALUES('43420811-4','Guillermo','Pacheco','10-04-1989','Chile','Defensa',13);
INSERT INTO futbol.jugador VALUES('43423881-1','Jorge','Troncoso','14-01-1993','Chile','Defensa',13);
INSERT INTO futbol.jugador VALUES('43523496-8','Hector','Berrios','18-10-1986','Chile','Defensa',13);
INSERT INTO futbol.jugador VALUES('43866811-K','Ronald','de la Fuente','25-01-1991','Chile','Defensa',13);
INSERT INTO futbol.jugador VALUES('43928728-4','Felipe','Muñoz','04-04-1985','Chile','Defensa',13);
INSERT INTO futbol.jugador VALUES('43931555-5','Francisco','Alarcon','25-02-1990','Chile','Defensa',13);
INSERT INTO futbol.jugador VALUES('43934657-4','Daniel','Castillo','23-10-1990','Chile','Arquero',13);
INSERT INTO futbol.jugador VALUES('44278436-1','Pablo','Benitez','11-12-1996','Chile','Arquero',13);
INSERT INTO futbol.jugador VALUES('44321690-1','Cristian','Muñoz','01-07-1977','Argentina','Arquero',13);
INSERT INTO futbol.jugador VALUES('44447105-0','Michael','Lepe','13-08-1990','Chile','Volante',13);
INSERT INTO futbol.jugador VALUES('44470211-7','Francisco','Portillo','24-07-1984','Paraguay','Volante',13);
INSERT INTO futbol.jugador VALUES('44603089-2','Alejandro','Camargo','12-06-1989','Argentina','Volante',13);
INSERT INTO futbol.jugador VALUES('44741275-6','Fernando','Manriquez','01-02-1984','Chile','Volante',13);
INSERT INTO futbol.jugador VALUES('45100068-3','Renato','Gonzalez','19-02-1990','Chile','Volante',13);
INSERT INTO futbol.jugador VALUES('45108359-7','Matias','Conti','17-01-1990','Argentina','Volante',13);
/*Union Española*/
INSERT INTO futbol.jugador VALUES('45425574-7','Fabian','Saavedra','27-01-1992','Chile','Delantero',14);
INSERT INTO futbol.jugador VALUES('45611082-7','Diego','Churin','01-12-1989','Argentina','Delantero',14);
INSERT INTO futbol.jugador VALUES('45647924-3','Jose','Sierra','24-06-1997','Chile','Delantero',14);
INSERT INTO futbol.jugador VALUES('45742136-2','Jason','Flores','28-02-1997','Chile','Delantero',14);
INSERT INTO futbol.jugador VALUES('45900454-8','Carlos','Salom','04-04-1987','Argentina','Delantero',14);
INSERT INTO futbol.jugador VALUES('45909197-1','Adrian','Scifo','10-10-1987','Argentina','Defensa',14);
INSERT INTO futbol.jugador VALUES('46096025-8','Lucas','Dominguez','27-10-1989','Chile','Defensa',14);
INSERT INTO futbol.jugador VALUES('46279050-3','Mario','Larenas','27-07-1993','Chile','Defensa',14);
INSERT INTO futbol.jugador VALUES('46301741-7','Nicolas','Berardo','26-07-1990','Argentina','Defensa',14);
INSERT INTO futbol.jugador VALUES('46363161-1','Carlos','Gomez','14-02-1992','Chile','Defensa',14);
INSERT INTO futbol.jugador VALUES('46551717-4','Fernando','Cornejo','13-04-1994','Chile','Defensa',14);
INSERT INTO futbol.jugador VALUES('46601841-4','Nicolas','Mancilla','07-10-1993','Chile','Defensa',14);
INSERT INTO futbol.jugador VALUES('46613554-2','Jorge','Ampuero','17-04-1987','Chile','Defensa',14);
INSERT INTO futbol.jugador VALUES('46720473-4','Dante','Martinez','18-06-1994','Chile','Defensa',14);
INSERT INTO futbol.jugador VALUES('46732070-K','Dagoberto','Currimilla','26-12-1987','Chile','Defensa',14);
INSERT INTO futbol.jugador VALUES('46862185-1','Cristian','Guerra','09-08-1994','Chile','Arquero',14);
INSERT INTO futbol.jugador VALUES('46956735-4','Marcelo','Salinas','29-05-1995','Portugal','Arquero',14);
INSERT INTO futbol.jugador VALUES('47057914-5','Diego','Sanchez','08-05-1987','Chile','Arquero',14);
INSERT INTO futbol.jugador VALUES('47125242-5','Oscar','Hernandez','03-07-1994','Chile','Volante',14);
INSERT INTO futbol.jugador VALUES('47314621-5','Felipe','Seymour','23-07-1987','Chile','Volante',14);
INSERT INTO futbol.jugador VALUES('47355685-5','Angel','Muñoz','27-01-1996','Chile','Volante',14);
INSERT INTO futbol.jugador VALUES('47420428-6','Pablo','Galdames','30-12-1996','Chile','Volante',14);
INSERT INTO futbol.jugador VALUES('47450138-8','Juan','Rivas','14-08-1992','Argentina','Volante',14);
INSERT INTO futbol.jugador VALUES('47510329-7','Pablo','Aranguiz','17-03-1997','Chile','Volante',14);
INSERT INTO futbol.jugador VALUES('47546508-3','Cesar','Pinares','23-05-1991','Chile','Volante',14);
/*Universidad Catolica*/
INSERT INTO futbol.jugador VALUES('47559764-8','Jose','Muñoz','24-07-1987','Chile','Delantero',15);
INSERT INTO futbol.jugador VALUES('47560134-3','Sebastian','Jaime','30-01-1987','Argentina','Delantero',15);
INSERT INTO futbol.jugador VALUES('47587555-9','David','Llanos','27-07-1989','Chile','Delantero',15);
INSERT INTO futbol.jugador VALUES('47636080-3','Roberto','Gutierrez','18-04-1983','Chile','Delantero',15);
INSERT INTO futbol.jugador VALUES('47654118-2','German','Lanaro','21-03-1986','Argentina','Defensa',15);
INSERT INTO futbol.jugador VALUES('47719617-9','Juan','Espinoza','05-07-1991','Chile','Defensa',15);
INSERT INTO futbol.jugador VALUES('47766029-0','Fernando','Cordero','26-08-1987','Chile','Defensa',15);
INSERT INTO futbol.jugador VALUES('47963168-9','Fabian','Manzano','13-01-1994','Chile','Defensa',15);
INSERT INTO futbol.jugador VALUES('48101979-6','Raimundo','Rebolledo','14-05-1997','Chile','Defensa',15);
INSERT INTO futbol.jugador VALUES('48180988-6','Benjamin','Kuscevic','02-05-1996','Chile','Defensa',15);
INSERT INTO futbol.jugador VALUES('48538884-2','Stefano','Magnasco','28-09-1992','Chile','Defensa',15);
INSERT INTO futbol.jugador VALUES('48734365-K','Alfonso','Parot','15-10-1989','Chile','Defensa',15);
INSERT INTO futbol.jugador VALUES('48801592-3','Cristian','Alvarez','20-01-1980','Chile','Defensa',15);
INSERT INTO futbol.jugador VALUES('48805987-4','Franco','Costanzo','05-09-1980','Argentina','Arquero',15);
INSERT INTO futbol.jugador VALUES('48854035-1','Cristopher','Toselli','15-06-1988','Chile','Arquero',15);
INSERT INTO futbol.jugador VALUES('48873145-9','Miguel','Vargas','15-06-1996','Chile','Arquero',15);
INSERT INTO futbol.jugador VALUES('48956190-5','Guillermo','Maripan','06-05-1994','Chile','Volante',15);
INSERT INTO futbol.jugador VALUES('48982338-1','Ricardo','Noir','26-02-1987','Argentina','Volante',15);
INSERT INTO futbol.jugador VALUES('49225592-0','Jaime','Carreno','03-03-1997','Chile','Volante',15);
INSERT INTO futbol.jugador VALUES('49308888-2','Milovan','Mirosevic','20-06-1980','Chile','Volante',15);
INSERT INTO futbol.jugador VALUES('49395245-5','Diego','Buonanotte','19-04-1988','Argentina','Volante',15);
INSERT INTO futbol.jugador VALUES('49597055-8','Alvaro','Ogalde','13-05-1997','Chile','Volante',15);
INSERT INTO futbol.jugador VALUES('49672372-4','Christian','Bravo','01-10-1993','Chile','Volante',15);
INSERT INTO futbol.jugador VALUES('49924550-5','Carlos','Lobos','21-02-1997','Chile','Volante',15);
INSERT INTO futbol.jugador VALUES('49968413-4','Jose','Fuenzalida','22-02-1985','Chile','Volante',15);
INSERT INTO futbol.jugador VALUES('50090076-8','Carlos','Espinosa','22-11-1982','Chile','Volante',15);
INSERT INTO futbol.jugador VALUES('50095080-3','Cesar','Fuentes','12-04-1993','Chile','Volante',15);
INSERT INTO futbol.jugador VALUES('50100422-7','Enzo','Kalinski','10-03-1987','Argentina','Volante',15);
/*Universidad de Chile*/
INSERT INTO futbol.jugador VALUES('50127487-9','Felipe','Mora','02-08-1993','Chile','Delantero',16);
INSERT INTO futbol.jugador VALUES('50185998-2','Mario','Briceño','20-06-1996','Chile','Delantero',16);
INSERT INTO futbol.jugador VALUES('50190989-0','Gabriel','Mazuela','30-01-1999','Chile','Delantero',16);
INSERT INTO futbol.jugador VALUES('50232577-9','Juan','Leiva','11-11-1993','Chile','Delantero',16);
INSERT INTO futbol.jugador VALUES('50314792-0','Sebastian','Ubilla','09-08-1990','Chile','Delantero',16);
INSERT INTO futbol.jugador VALUES('50404060-7','Alejandro','Contreras','03-03-1993','Chile','Defensa',16);
INSERT INTO futbol.jugador VALUES('50482047-5','Christian','Vilches','13-07-1983','Chile','Defensa',16);
INSERT INTO futbol.jugador VALUES('50545618-1','Gonzalo','Jara','29-08-1985','Chile','Defensa',16);
INSERT INTO futbol.jugador VALUES('50573446-7','Franz','Schulz','20-07-1991','Chile','Defensa',16);
INSERT INTO futbol.jugador VALUES('50575987-7','Fabian','Monzon','13-04-1987','Argentina','Defensa',16);
INSERT INTO futbol.jugador VALUES('50622757-7','Matias','Rodriguez','14-04-1986','Argentina','Defensa',16);
INSERT INTO futbol.jugador VALUES('50660775-2','Fernando','de Paul','25-04-1991','Argentina','Arquero',16);
INSERT INTO futbol.jugador VALUES('5092161-1','Jhonny','Herrera','09-05-1981','Chile','Arquero',16);
INSERT INTO futbol.jugador VALUES('50964548-5','Nelson','Espinoza','22-09-1995','Chile','Arquero',16);
INSERT INTO futbol.jugador VALUES('50991222-K','Matias','Parada','02-04-1998','Chile','Volante',16);
INSERT INTO futbol.jugador VALUES('50993924-1','Bryan','Taiva','17-06-1995','Chile','Volante',16);
INSERT INTO futbol.jugador VALUES('50999061-1','Gaston','Fernandez','12-10-1983','Argentina','Volante',16);
INSERT INTO futbol.jugador VALUES('5240399-5','Sebastian','Martinez','06-06-1993','Chile','Volante',16);
INSERT INTO futbol.jugador VALUES('5257382-3','Jonathan','Zacaria','06-02-1990','Argentina','Volante',16);
INSERT INTO futbol.jugador VALUES('5359330-5','Jhon','Salas','12-10-1996','Chile','Volante',16);
INSERT INTO futbol.jugador VALUES('5427270-7','Rodrigo','Ureña','01-03-1993','Chile','Volante',16);
INSERT INTO futbol.jugador VALUES('5473500-6','Lorenzo','Reyes','13-06-1991','Chile','Volante',16);
INSERT INTO futbol.jugador VALUES('5481916-1','Gustavo','Lorenzetti','10-05-1985','Argentina','Volante',16);
INSERT INTO futbol.jugador VALUES('5799665-K','Yerko','Leiva',14-01-1998,'Chile','Volante',16);
/*Torneos*/
INSERT INTO futbol.torneo VALUES(1,'Campeonato Apertura Scotiabank',2016);
/*id_e, rut_j, id_equipo, id_t, cantidad_partidos_club, goles, asistencias, amarillas, rojas, faltas*/

/*Audax Italiano*/
INSERT INTO futbol.estadistica_j VALUES(1,'11915269-0',1,1,12,2,0,0);
INSERT INTO futbol.estadistica_j VALUES(2,'12048504-0',1,1,7,0,1,0);
INSERT INTO futbol.estadistica_j VALUES(3,'12324824-4',1,1,14,1,1,0);
INSERT INTO futbol.estadistica_j VALUES(4,'12517641-0',1,1,12,2,0,0);
INSERT INTO futbol.estadistica_j VALUES(5,'12544831-3',1,1,2,0,0,0);
INSERT INTO futbol.estadistica_j VALUES(6,'12619942-2',1,1,7,3,3,1);
INSERT INTO futbol.estadistica_j VALUES(7,'12672830-1',1,1,10,0,3,1);
INSERT INTO futbol.estadistica_j VALUES(8,'12861503-2',1,1,6,0,4,1);
INSERT INTO futbol.estadistica_j VALUES(9,'12868672-K',1,1,12,0,3,0);
INSERT INTO futbol.estadistica_j VALUES(10,'13014176-5',1,1,14,3,5,0);
INSERT INTO futbol.estadistica_j VALUES(11,'13196697-0',1,1,9,0,4,2);
INSERT INTO futbol.estadistica_j VALUES(12,'13223420-5',1,1,0,0,0,0);
INSERT INTO futbol.estadistica_j VALUES(13,'13611339-9',1,1,2,0,1,0);
INSERT INTO futbol.estadistica_j VALUES(14,'13779168-4',1,1,13,1,3,0);
INSERT INTO futbol.estadistica_j VALUES(15,'13889711-7',1,1,5,0,2,0);
INSERT INTO futbol.estadistica_j VALUES(16,'13930476-4',1,1,0,0,0,0);
INSERT INTO futbol.estadistica_j VALUES(17,'14024909-2',1,1,14,0,3,0);
INSERT INTO futbol.estadistica_j VALUES(18,'14095447-0',1,1,0,0,0,0);
INSERT INTO futbol.estadistica_j VALUES(19,'14171494-5',1,1,1,0,1,0);
INSERT INTO futbol.estadistica_j VALUES(20,'14253964-0',1,1,10,0,1,0);
INSERT INTO futbol.estadistica_j VALUES(21,'14515084-1',1,1,6,0,1,0);
INSERT INTO futbol.estadistica_j VALUES(22,'14632689-7',1,1,12,4,2,0);
INSERT INTO futbol.estadistica_j VALUES(23,'14739147-1',1,1,14,0,2,0);
INSERT INTO futbol.estadistica_j VALUES(24,'14824165-1',1,1,7,1,1,0);
INSERT INTO futbol.estadistica_j VALUES(25,'14858209-2',1,1,7,0,2,0);
INSERT INTO futbol.estadistica_j VALUES(26,'14888962-7',1,1,1,0,1,0);
INSERT INTO futbol.estadistica_j VALUES(27,'15054655-9',1,1,10,0,1,1);
/*Cobresal*/
INSERT INTO futbol.estadistica_j VALUES(28,'15270472-0',2,1,14,1,3,0);
INSERT INTO futbol.estadistica_j VALUES(29,'15273316-K',2,1,8,1,1,0);
INSERT INTO futbol.estadistica_j VALUES(30,'15714035-3',2,1,9,5,1,0);
INSERT INTO futbol.estadistica_j VALUES(31,'15802859-K',2,1,6,0,0,0);
INSERT INTO futbol.estadistica_j VALUES(32,'15822952-8',2,1,8,1,1,0);
INSERT INTO futbol.estadistica_j VALUES(33,'16031701-9',2,1,9,1,1,0);
INSERT INTO futbol.estadistica_j VALUES(34,'16155423-5',2,1,13,1,5,0);
INSERT INTO futbol.estadistica_j VALUES(35,'16193853-K',2,1,3,0,0,0);
INSERT INTO futbol.estadistica_j VALUES(36,'16275820-9',2,1,11,0,4,0);
INSERT INTO futbol.estadistica_j VALUES(37,'16678805-6',2,1,12,0,3,0);
INSERT INTO futbol.estadistica_j VALUES(38,'16860658-3',2,1,12,1,7,0);
INSERT INTO futbol.estadistica_j VALUES(39,'16875752-2',2,1,0,0,0,0);
INSERT INTO futbol.estadistica_j VALUES(40,'16888972-0',2,1,4,0,0,0);
INSERT INTO futbol.estadistica_j VALUES(41,'17168229-0',2,1,7,0,2,0);
INSERT INTO futbol.estadistica_j VALUES(42,'17180947-9',2,1,0,0,0,0);
INSERT INTO futbol.estadistica_j VALUES(43,'17238574-5',2,1,0,0,0,0);
INSERT INTO futbol.estadistica_j VALUES(44,'17347339-7',2,1,15,0,2,0);
INSERT INTO futbol.estadistica_j VALUES(45,'17455368-8',2,1,0,0,0,0);
INSERT INTO futbol.estadistica_j VALUES(46,'17670111-0',2,1,12,0,2,0);
INSERT INTO futbol.estadistica_j VALUES(47,'17751779-8',2,1,8,0,3,0);
INSERT INTO futbol.estadistica_j VALUES(48,'17812987-2',2,1,1,0,0,0);
INSERT INTO futbol.estadistica_j VALUES(49,'17918637-3',2,1,5,0,0,0);
INSERT INTO futbol.estadistica_j VALUES(50,'17954704-K',2,1,14,0,7,0);
INSERT INTO futbol.estadistica_j VALUES(51,'17980112-4',2,1,13,1,0,0);
INSERT INTO futbol.estadistica_j VALUES(52,'18165513-5',2,1,9,0,4,1);
/*Colo Colo*/
INSERT INTO futbol.estadistica_j VALUES(53,'18224508-9',3,1,13,10,3,1);
INSERT INTO futbol.estadistica_j VALUES(54,'18604139-9',3,1,13,3,0,0);
INSERT INTO futbol.estadistica_j VALUES(55,'18654794-2',3,1,5,0,0,0);
INSERT INTO futbol.estadistica_j VALUES(56,'18675546-4',3,1,8,2,0,0);
INSERT INTO futbol.estadistica_j VALUES(57,'18695903-5',3,1,3,0,1,0);
INSERT INTO futbol.estadistica_j VALUES(58,'18736435-3',3,1,10,0,4,1);
INSERT INTO futbol.estadistica_j VALUES(59,'18854108-9',3,1,0,0,0,0);
INSERT INTO futbol.estadistica_j VALUES(60,'18919671-7',3,1,5,0,2,0);
INSERT INTO futbol.estadistica_j VALUES(61,'18967154-7',3,1,12,1,2,0);
INSERT INTO futbol.estadistica_j VALUES(62,'18971132-8',3,1,8,0,0,0);
INSERT INTO futbol.estadistica_j VALUES(63,'19013735-K',3,1,4,0,0,0);
INSERT INTO futbol.estadistica_j VALUES(64,'19021885-6',3,1,2,0,0,0);
INSERT INTO futbol.estadistica_j VALUES(65,'19070783-0',3,1,13,1,6,1);
INSERT INTO futbol.estadistica_j VALUES(66,'19077291-8',3,1,9,0,1,0);
INSERT INTO futbol.estadistica_j VALUES(67,'19395720-K',3,1,3,0,0,0);
INSERT INTO futbol.estadistica_j VALUES(68,'19539816-K',3,1,5,0,0,0);
INSERT INTO futbol.estadistica_j VALUES(69,'19680734-9',3,1,9,0,2,0);
INSERT INTO futbol.estadistica_j VALUES(70,'19762226-1',3,1,1,0,0,0);
INSERT INTO futbol.estadistica_j VALUES(71,'19910576-0',3,1,0,0,0,0);
INSERT INTO futbol.estadistica_j VALUES(72,'19968162-1',3,1,13,0,5,0);
INSERT INTO futbol.estadistica_j VALUES(73,'20154286-3',3,1,0,0,0,0);
INSERT INTO futbol.estadistica_j VALUES(74,'20175465-8',3,1,12,1,5,0);
INSERT INTO futbol.estadistica_j VALUES(75,'20308736-5',3,1,6,0,0,0);
INSERT INTO futbol.estadistica_j VALUES(76,'20322470-2',3,1,14,0,5,0);
INSERT INTO futbol.estadistica_j VALUES(77,'20342408-6',3,1,13,5,1,0);
INSERT INTO futbol.estadistica_j VALUES(78,'20367174-1',3,1,5,2,1,0);
/*Deportes Antofagasta*/
INSERT INTO futbol.estadistica_j VALUES(79,'20458522-9',4,1,1,0,0,0);
INSERT INTO futbol.estadistica_j VALUES(80,'20471453-3',4,1,13,1,1,0);
INSERT INTO futbol.estadistica_j VALUES(81,'20514598-2',4,1,0,0,0,0);
INSERT INTO futbol.estadistica_j VALUES(82,'20532940-4',4,1,4,0,0,0);
INSERT INTO futbol.estadistica_j VALUES(83,'20536510-9',4,1,14,5,2,0);
INSERT INTO futbol.estadistica_j VALUES(84,'20744048-5',4,1,8,0,2,0);
INSERT INTO futbol.estadistica_j VALUES(85,'20798945-2',4,1,1,1,0,0);
INSERT INTO futbol.estadistica_j VALUES(86,'20940580-6',4,1,1,1,1,0);
INSERT INTO futbol.estadistica_j VALUES(87,'20967140-9',4,1,11,2,3,0);
INSERT INTO futbol.estadistica_j VALUES(88,'21025750-0',4,1,11,1,1,0);
INSERT INTO futbol.estadistica_j VALUES(99,'21134579-9',4,1,0,0,0,0);
INSERT INTO futbol.estadistica_j VALUES(100,'21173572-4',4,1,14,0,4,0);
INSERT INTO futbol.estadistica_j VALUES(101,'21455801-7',4,1,14,0,2,0);
INSERT INTO futbol.estadistica_j VALUES(102,'21547899-8',4,1,14,0,2,0);
INSERT INTO futbol.estadistica_j VALUES(103,'21977574-1',4,1,2,0,1,0);
INSERT INTO futbol.estadistica_j VALUES(104,'22032325-0',4,1,14,1,3,0);
INSERT INTO futbol.estadistica_j VALUES(105,'22178953-9',4,1,1,0,0,0);
INSERT INTO futbol.estadistica_j VALUES(106,'22261858-4',4,1,13,0,1,0);
INSERT INTO futbol.estadistica_j VALUES(107,'22494820-4',4,1,2,0,0,0);
INSERT INTO futbol.estadistica_j VALUES(108,'22684394-9',4,1,12,1,1,0);
INSERT INTO futbol.estadistica_j VALUES(109,'22725515-3',4,1,4,1,0,0);
INSERT INTO futbol.estadistica_j VALUES(110,'23002458-8',4,1,8,1,2,0);
INSERT INTO futbol.estadistica_j VALUES(111,'23091749-3',4,1,0,0,0,0);
INSERT INTO futbol.estadistica_j VALUES(112,'23296182-1',4,1,12,1,0,0);
INSERT INTO futbol.estadistica_j VALUES(113,'23322673-4',4,1,1,0,0,0);
INSERT INTO futbol.estadistica_j VALUES(114,'23512271-5',4,1,9,0,0,0);
/*Deportes Iquique*/
INSERT INTO futbol.estadistica_j VALUES(115,'23566190-K',5,1,7,1,2,0);
INSERT INTO futbol.estadistica_j VALUES(116,'23722417-5',5,1,0,0,0,0);
INSERT INTO futbol.estadistica_j VALUES(117,'23732312-2',5,1,0,0,0,0);
INSERT INTO futbol.estadistica_j VALUES(118,'23754867-1',5,1,13,0,1,0);
INSERT INTO futbol.estadistica_j VALUES(119,'23942854-1',5,1,14,4,1,0);
INSERT INTO futbol.estadistica_j VALUES(120,'24009566-1',5,1,14,3,5,0);
INSERT INTO futbol.estadistica_j VALUES(121,'24107762-4',5,1,0,0,0,0);
INSERT INTO futbol.estadistica_j VALUES(122,'24244635-6',5,1,0,0,0,0);
INSERT INTO futbol.estadistica_j VALUES(123,'24293112-2',5,1,0,0,0,0);
INSERT INTO futbol.estadistica_j VALUES(124,'24342410-0',5,1,14,2,5,1);
INSERT INTO futbol.estadistica_j VALUES(125,'24468430-0',5,1,0,0,0,0);
INSERT INTO futbol.estadistica_j VALUES(126,'24545670-0',5,1,8,0,1,0);
INSERT INTO futbol.estadistica_j VALUES(127,'24677944-9',5,1,13,1,1,0);
INSERT INTO futbol.estadistica_j VALUES(128,'24690035-3',5,1,10,0,4,1);
INSERT INTO futbol.estadistica_j VALUES(129,'24897545-8',5,1,0,0,0,0);
INSERT INTO futbol.estadistica_j VALUES(130,'24968937-8',5,1,11,1,0,0);
INSERT INTO futbol.estadistica_j VALUES(131,'25058206-4',5,1,13,0,4,0);
INSERT INTO futbol.estadistica_j VALUES(132,'25074682-2',5,1,12,0,2,0);
INSERT INTO futbol.estadistica_j VALUES(133,'25186014-9',5,1,3,0,0,0);
INSERT INTO futbol.estadistica_j VALUES(134,'25214929-5',5,1,0,0,0,0);
INSERT INTO futbol.estadistica_j VALUES(135,'25464441-2',5,1,14,1,1,1);
INSERT INTO futbol.estadistica_j VALUES(136,'25472910-8',5,1,14,1,1,0);
INSERT INTO futbol.estadistica_j VALUES(137,'25503572-K',5,1,13,4,1,0);
INSERT INTO futbol.estadistica_j VALUES(138,'25653553-K',5,1,0,0,0,0);
INSERT INTO futbol.estadistica_j VALUES(139,'25737594-3',5,1,13,4,3,0);
INSERT INTO futbol.estadistica_j VALUES(140,'25747733-9',5,1,0,0,0,0);
INSERT INTO futbol.estadistica_j VALUES(141,'25767152-6',5,1,13,4,2,0);
/*Deportes Temuco*/
INSERT INTO futbol.estadistica_j VALUES(142,'25793777-1',6,1,11,3,1,0);
INSERT INTO futbol.estadistica_j VALUES(143,'25999917-0',6,1,6,1,1,1);
INSERT INTO futbol.estadistica_j VALUES(144,'26247170-5',6,1,12,3,3,0);
INSERT INTO futbol.estadistica_j VALUES(145,'26651954-0',6,1,15,0,3,0);
INSERT INTO futbol.estadistica_j VALUES(146,'26794487-3',6,1,14,2,3,1);
INSERT INTO futbol.estadistica_j VALUES(147,'26951471-K',6,1,8,0,0,2);
INSERT INTO futbol.estadistica_j VALUES(148,'27097291-8',6,1,3,0,1,0);
INSERT INTO futbol.estadistica_j VALUES(149,'27218213-2',6,1,13,0,3,0);
INSERT INTO futbol.estadistica_j VALUES(150,'27219714-8',6,1,9,0,1,0);
INSERT INTO futbol.estadistica_j VALUES(151,'27229283-3',6,1,9,0,1,0);
INSERT INTO futbol.estadistica_j VALUES(152,'27258113-4',6,1,10,0,4,0);
INSERT INTO futbol.estadistica_j VALUES(153,'27396408-8',6,1,5,1,1,1);
INSERT INTO futbol.estadistica_j VALUES(154,'27576037-4',6,1,13,0,6,0);
INSERT INTO futbol.estadistica_j VALUES(155,'27592944-1',6,1,6,0,0,0);
INSERT INTO futbol.estadistica_j VALUES(156,'27610573-6',6,1,11,0,1,1);
INSERT INTO futbol.estadistica_j VALUES(157,'27654678-3',6,1,12,2,5,0);
INSERT INTO futbol.estadistica_j VALUES(158,'27717337-9',6,1,0,0,0,0);
INSERT INTO futbol.estadistica_j VALUES(159,'27738996-7',6,1,15,0,1,0);
INSERT INTO futbol.estadistica_j VALUES(160,'27881614-1',6,1,15,0,4,0);
INSERT INTO futbol.estadistica_j VALUES(161,'28138706-5',6,1,0,0,0,0);
INSERT INTO futbol.estadistica_j VALUES(162,'28450612-K',6,1,14,2,5,0);
INSERT INTO futbol.estadistica_j VALUES(163,'28606306-3',6,1,1,0,0,0);
/*Everton*/
INSERT INTO futbol.estadistica_j VALUES(164,'28712986-6',7,1,11,4,2,1);
INSERT INTO futbol.estadistica_j VALUES(165,'28834735-2',7,1,0,0,0,0);
INSERT INTO futbol.estadistica_j VALUES(166,'28917917-8',7,1,11,1,1,0);
INSERT INTO futbol.estadistica_j VALUES(167,'28943143-8',7,1,8,2,1,0);
INSERT INTO futbol.estadistica_j VALUES(168,'29090661-K',7,1,4,0,0,0);
INSERT INTO futbol.estadistica_j VALUES(169,'29201841-K',7,1,10,4,2,0);
INSERT INTO futbol.estadistica_j VALUES(170,'29244651-9',7,1,10,0,2,0);
INSERT INTO futbol.estadistica_j VALUES(171,'29379206-2',7,1,10,0,0,0);
INSERT INTO futbol.estadistica_j VALUES(172,'29387414-K',7,1,13,2,2,0);
INSERT INTO futbol.estadistica_j VALUES(173,'29611137-6',7,1,7,1,1,0);
INSERT INTO futbol.estadistica_j VALUES(174,'29815852-3',7,1,0,0,0,0);
INSERT INTO futbol.estadistica_j VALUES(175,'29896514-3',7,1,6,0,0,0);
INSERT INTO futbol.estadistica_j VALUES(176,'29906642-8',7,1,10,0,3,0);
INSERT INTO futbol.estadistica_j VALUES(177,'29929767-5',7,1,3,0,1,0);
INSERT INTO futbol.estadistica_j VALUES(178,'29934275-1',7,1,0,0,0,0);
INSERT INTO futbol.estadistica_j VALUES(179,'30030221-1',7,1,15,0,2,0);
INSERT INTO futbol.estadistica_j VALUES(180,'30080861-1',7,1,1,0,0,0);
INSERT INTO futbol.estadistica_j VALUES(181,'30119830-2',7,1,1,0,0,0);
INSERT INTO futbol.estadistica_j VALUES(182,'30121310-7',7,1,13,0,1,0);
INSERT INTO futbol.estadistica_j VALUES(183,'30179152-6',7,1,9,0,0,0);
INSERT INTO futbol.estadistica_j VALUES(184,'30319022-8',7,1,13,2,3,0);
INSERT INTO futbol.estadistica_j VALUES(185,'30410972-6',7,1,8,0,3,1);
INSERT INTO futbol.estadistica_j VALUES(186,'30515749-K',7,1,12,1,2,1);
INSERT INTO futbol.estadistica_j VALUES(187,'30626009-K',7,1,1,0,0,0);
INSERT INTO futbol.estadistica_j VALUES(188,'30652167-5',7,1,6,2,2,0);
INSERT INTO futbol.estadistica_j VALUES(189,'30772513-4',7,1,8,0,0,0);
/*Huachipato*/
INSERT INTO futbol.estadistica_j VALUES(190,'30819769-7',8,1,11,2,2,0);
INSERT INTO futbol.estadistica_j VALUES(191,'30850003-9',8,1,1,0,0,0);
INSERT INTO futbol.estadistica_j VALUES(192,'30994528-K',8,1,14,6,1,1);
INSERT INTO futbol.estadistica_j VALUES(193,'31074174-4',8,1,8,0,1,0);
INSERT INTO futbol.estadistica_j VALUES(194,'31076764-6',8,1,13,4,5,1);
INSERT INTO futbol.estadistica_j VALUES(195,'31221504-7',8,1,4,0,0,0);
INSERT INTO futbol.estadistica_j VALUES(196,'31764441-8',8,1,12,0,3,1);
INSERT INTO futbol.estadistica_j VALUES(197,'31837605-0',8,1,9,0,1,0);
INSERT INTO futbol.estadistica_j VALUES(198,'31877710-1',8,1,13,0,5,0);
INSERT INTO futbol.estadistica_j VALUES(199,'31891838-4',8,1,12,1,0,0);
INSERT INTO futbol.estadistica_j VALUES(200,'31915708-5',8,1,14,1,5,1);
INSERT INTO futbol.estadistica_j VALUES(201,'32257921-7',8,1,15,0,1,0);
INSERT INTO futbol.estadistica_j VALUES(202,'32310379-8',8,1,0,0,0,0);
INSERT INTO futbol.estadistica_j VALUES(203,'32464817-8',8,1,10,1,3,0);
INSERT INTO futbol.estadistica_j VALUES(204,'32504563-9',8,1,2,1,0,0);
INSERT INTO futbol.estadistica_j VALUES(205,'32601867-8',8,1,15,0,4,0);
INSERT INTO futbol.estadistica_j VALUES(206,'32649175-6',8,1,11,2,5,0);
INSERT INTO futbol.estadistica_j VALUES(207,'32753197-2',8,1,13,0,1,0);
/*O'Higgins*/
INSERT INTO futbol.estadistica_j VALUES(208,'32757370-5',9,1,11,8,4,0);
INSERT INTO futbol.estadistica_j VALUES(209,'32773829-1',9,1,14,2,3,0);
INSERT INTO futbol.estadistica_j VALUES(210,'32785278-7',9,1,2,0,0,0);
INSERT INTO futbol.estadistica_j VALUES(211,'33079123-3',9,1,7,4,0,1);
INSERT INTO futbol.estadistica_j VALUES(212,'33281392-7',9,1,9,0,1,0);
INSERT INTO futbol.estadistica_j VALUES(213,'33443805-8',9,1,11,3,1,0);
INSERT INTO futbol.estadistica_j VALUES(214,'33531868-4',9,1,12,0,2,1);
INSERT INTO futbol.estadistica_j VALUES(215,'33609280-9',9,1,8,0,3,0);
INSERT INTO futbol.estadistica_j VALUES(216,'33622572-8',9,1,7,0,0,0);
INSERT INTO futbol.estadistica_j VALUES(217,'33679124-3',9,1,13,0,7,1);
INSERT INTO futbol.estadistica_j VALUES(218,'33731283-7',9,1,10,0,2,1);
INSERT INTO futbol.estadistica_j VALUES(219,'33734006-7',9,1,14,0,4,0);
INSERT INTO futbol.estadistica_j VALUES(220,'33784809-5',9,1,15,0,4,0);
INSERT INTO futbol.estadistica_j VALUES(221,'33843862-1',9,1,4,0,0,0);
INSERT INTO futbol.estadistica_j VALUES(222,'34066880-4',9,1,15,0,3,0);
INSERT INTO futbol.estadistica_j VALUES(223,'34082662-0',9,1,0,0,0,0);
INSERT INTO futbol.estadistica_j VALUES(224,'34094189-6',9,1,0,0,0,0);
INSERT INTO futbol.estadistica_j VALUES(225,'34142049-0',9,1,0,0,0,0);
INSERT INTO futbol.estadistica_j VALUES(226,'34169601-1',9,1,10,1,5,1);
INSERT INTO futbol.estadistica_j VALUES(227,'34172896-7',9,1,1,0,0,0);
INSERT INTO futbol.estadistica_j VALUES(228,'34420111-0',9,1,7,1,0,0);
INSERT INTO futbol.estadistica_j VALUES(229,'34673439-6',9,1,14,2,6,0);
INSERT INTO futbol.estadistica_j VALUES(230,'34747311-1',9,1,0,0,0,0);
INSERT INTO futbol.estadistica_j VALUES(231,'34836833-8',9,1,13,0,1,0);
INSERT INTO futbol.estadistica_j VALUES(232,'34870093-6',9,1,11,1,1,0);
/*Palestino*/
INSERT INTO futbol.estadistica_j VALUES(233,'34874182-9',10,1,15,10,3,0);
INSERT INTO futbol.estadistica_j VALUES(234,'35073697-2',10,1,5,0,1,0);
INSERT INTO futbol.estadistica_j VALUES(235,'35313214-8',10,1,0,0,0,0);
INSERT INTO futbol.estadistica_j VALUES(236,'35488848-3',10,1,11,0,0,0);
INSERT INTO futbol.estadistica_j VALUES(237,'35532831-7',10,1,9,2,2,0);
INSERT INTO futbol.estadistica_j VALUES(238,'35631115-9',10,1,5,0,0,0);
INSERT INTO futbol.estadistica_j VALUES(239,'35744012-2',10,1,15,0,4,0);
INSERT INTO futbol.estadistica_j VALUES(240,'35756180-9',10,1,0,0,0,0);
INSERT INTO futbol.estadistica_j VALUES(241,'35816888-4',10,1,15,0,3,0);
INSERT INTO futbol.estadistica_j VALUES(242,'35864254-3',10,1,0,0,0,0);
INSERT INTO futbol.estadistica_j VALUES(243,'35867764-9',10,1,2,0,0,0);
INSERT INTO futbol.estadistica_j VALUES(244,'36044676-K',10,1,13,0,1,0);
INSERT INTO futbol.estadistica_j VALUES(245,'36159662-5',10,1,15,1,5,0);
INSERT INTO futbol.estadistica_j VALUES(246,'36216082-0',10,1,14,0,1,0);
INSERT INTO futbol.estadistica_j VALUES(247,'36247930-4',10,1,14,0,2,0);
INSERT INTO futbol.estadistica_j VALUES(248,'36909250-2',10,1,8,1,1,0);
INSERT INTO futbol.estadistica_j VALUES(249,'37025954-2',10,1,15,6,2,0);
INSERT INTO futbol.estadistica_j VALUES(250,'37069510-5',10,1,14,0,1,0);
INSERT INTO futbol.estadistica_j VALUES(251,'37174206-9',10,1,0,0,0,0);
INSERT INTO futbol.estadistica_j VALUES(252,'37421895-6',10,1,10,1,2,0);
/*San Luis*/
INSERT INTO futbol.estadistica_j VALUES(253,'37730391-1',11,1,13,0,4,0);
INSERT INTO futbol.estadistica_j VALUES(254,'37737396-0',11,1,9,3,3,0);
INSERT INTO futbol.estadistica_j VALUES(255,'37805257-2',11,1,8,1,1,0);
INSERT INTO futbol.estadistica_j VALUES(256,'37830533-0',11,1,14,3,4,0);
INSERT INTO futbol.estadistica_j VALUES(257,'37942675-1',11,1,13,3,1,1);
INSERT INTO futbol.estadistica_j VALUES(258,'38083421-9',11,1,14,3,4,2);
INSERT INTO futbol.estadistica_j VALUES(259,'38087242-0',11,1,6,0,1,0);
INSERT INTO futbol.estadistica_j VALUES(260,'38212669-6',11,1,2,0,1,0);
INSERT INTO futbol.estadistica_j VALUES(261,'38267727-7',11,1,5,0,2,0);
INSERT INTO futbol.estadistica_j VALUES(262,'38288385-3',11,1,8,0,2,0);
INSERT INTO futbol.estadistica_j VALUES(263,'38310769-5',11,1,7,1,1,0);
INSERT INTO futbol.estadistica_j VALUES(264,'38365226-K',11,1,0,0,0,0);
INSERT INTO futbol.estadistica_j VALUES(265,'38545966-1',11,1,8,2,2,1);
INSERT INTO futbol.estadistica_j VALUES(266,'38575106-0',11,1,0,0,0,0);
INSERT INTO futbol.estadistica_j VALUES(267,'38875618-7',11,1,9,0,0,1);
INSERT INTO futbol.estadistica_j VALUES(268,'38930230-9',11,1,7,0,2,0);
INSERT INTO futbol.estadistica_j VALUES(269,'39160651-K',11,1,10,0,4,0);
INSERT INTO futbol.estadistica_j VALUES(270,'39241979-9',11,1,6,0,0,0);
INSERT INTO futbol.estadistica_j VALUES(271,'39304439-K',11,1,8,0,2,1);
INSERT INTO futbol.estadistica_j VALUES(272,'39309010-3',11,1,0,0,0,0);
INSERT INTO futbol.estadistica_j VALUES(273,'39383993-7',11,1,14,3,6,0);
INSERT INTO futbol.estadistica_j VALUES(274,'39435415-5',11,1,6,0,2,0);
INSERT INTO futbol.estadistica_j VALUES(275,'39480932-2',11,1,9,0,1,1);
INSERT INTO futbol.estadistica_j VALUES(276,'39795963-5',11,1,1,0,1,0);
INSERT INTO futbol.estadistica_j VALUES(277,'40176933-1',11,1,7,0,2,0);
INSERT INTO futbol.estadistica_j VALUES(278,'40241112-0',11,1,11,1,1,1);
/*Santiago Wanderers*/
INSERT INTO futbol.estadistica_j VALUES(279,'40328307-K',12,1,10,1,0,0);
INSERT INTO futbol.estadistica_j VALUES(280,'40436275-5',12,1,11,0,2,0);
INSERT INTO futbol.estadistica_j VALUES(281,'40492654-3',12,1,12,1,0,0);
INSERT INTO futbol.estadistica_j VALUES(282,'40962854-0',12,1,0,0,0,0);
INSERT INTO futbol.estadistica_j VALUES(283,'40998533-5',12,1,0,0,0,0);
INSERT INTO futbol.estadistica_j VALUES(284,'41123625-0',12,1,15,6,2,0);
INSERT INTO futbol.estadistica_j VALUES(285,'41153092-2',12,1,2,0,1,0);
INSERT INTO futbol.estadistica_j VALUES(286,'41233802-2',12,1,3,0,0,0);
INSERT INTO futbol.estadistica_j VALUES(287,'41248551-3',12,1,14,0,6,0);
INSERT INTO futbol.estadistica_j VALUES(288,'41360840-6',12,1,15,0,3,0);
INSERT INTO futbol.estadistica_j VALUES(289,'41477587-K',12,1,10,0,2,0);
INSERT INTO futbol.estadistica_j VALUES(290,'41620293-1',12,1,15,1,0,0);
INSERT INTO futbol.estadistica_j VALUES(291,'41955065-5',12,1,0,0,0,0);
INSERT INTO futbol.estadistica_j VALUES(292,'42114664-0',12,1,0,0,0,0);
INSERT INTO futbol.estadistica_j VALUES(293,'42125315-3',12,1,1,0,0,0);
INSERT INTO futbol.estadistica_j VALUES(294,'42190430-8',12,1,0,0,0,0);
INSERT INTO futbol.estadistica_j VALUES(295,'42262521-6',12,1,14,0,1,0);
INSERT INTO futbol.estadistica_j VALUES(296,'42361278-9',12,1,7,0,1,0);
INSERT INTO futbol.estadistica_j VALUES(297,'42449502-6',12,1,15,0,0,0);
INSERT INTO futbol.estadistica_j VALUES(298,'42502955-K',12,1,13,3,4,0);
INSERT INTO futbol.estadistica_j VALUES(299,'42662265-3',12,1,2,0,0,0);
INSERT INTO futbol.estadistica_j VALUES(300,'42736749-5',12,1,0,0,0,0);
INSERT INTO futbol.estadistica_j VALUES(301,'42755437-6',12,1,13,0,6,0);
INSERT INTO futbol.estadistica_j VALUES(302,'42878329-8',12,1,14,0,2,0);
INSERT INTO futbol.estadistica_j VALUES(303,'42908239-0',12,1,12,0,2,0);
INSERT INTO futbol.estadistica_j VALUES(304,'43027681-6',12,1,4,0,0,0);
INSERT INTO futbol.estadistica_j VALUES(305,'43088742-4',12,1,5,0,2,0);
/*Universidad de Concepcion*/
INSERT INTO futbol.estadistica_j VALUES(306,'43232686-1',13,1,15,3,2,0);
INSERT INTO futbol.estadistica_j VALUES(307,'43264158-9',13,1,11,1,1,0);
INSERT INTO futbol.estadistica_j VALUES(308,'43306450-K',13,1,10,0,5,0);
INSERT INTO futbol.estadistica_j VALUES(309,'43309355-0',13,1,7,0,1,0);
INSERT INTO futbol.estadistica_j VALUES(310,'43338809-7',13,1,0,0,0,0);
INSERT INTO futbol.estadistica_j VALUES(311,'43358146-6',13,1,13,0,1,0);
INSERT INTO futbol.estadistica_j VALUES(312,'43420811-4',13,1,8,1,2,0);
INSERT INTO futbol.estadistica_j VALUES(313,'43423881-1',13,1,10,1,1,0);
INSERT INTO futbol.estadistica_j VALUES(314,'43523496-8',13,1,11,1,1,0);
INSERT INTO futbol.estadistica_j VALUES(315,'43866811-K',13,1,11,0,2,0);
INSERT INTO futbol.estadistica_j VALUES(316,'43928728-4',13,1,6,0,1,0);
INSERT INTO futbol.estadistica_j VALUES(317,'43931555-5',13,1,9,1,2,1);
INSERT INTO futbol.estadistica_j VALUES(318,'43934657-4',13,1,4,0,2,0);
INSERT INTO futbol.estadistica_j VALUES(319,'44278436-1',13,1,0,0,0,0);
INSERT INTO futbol.estadistica_j VALUES(320,'44321690-1',13,1,12,0,1,0);
INSERT INTO futbol.estadistica_j VALUES(321,'44447105-0',13,1,11,1,2,0);
INSERT INTO futbol.estadistica_j VALUES(322,'44470211-7',13,1,9,0,3,0);
INSERT INTO futbol.estadistica_j VALUES(323,'44603089-2',13,1,14,2,3,0);
INSERT INTO futbol.estadistica_j VALUES(324,'44741275-6',13,1,15,3,2,0);
INSERT INTO futbol.estadistica_j VALUES(325,'45100068-3',13,1,10,0,1,0);
INSERT INTO futbol.estadistica_j VALUES(326,'45108359-7',13,1,10,1,1,0);
/*Union Española*/
INSERT INTO futbol.estadistica_j VALUES(327,'45425574-7',14,1,10,0,2,0);
INSERT INTO futbol.estadistica_j VALUES(328,'45611082-7',14,1,13,10,3,0);
INSERT INTO futbol.estadistica_j VALUES(329,'45647924-3',14,1,7,1,1,0);
INSERT INTO futbol.estadistica_j VALUES(330,'45742136-2',14,1,4,0,0,0);
INSERT INTO futbol.estadistica_j VALUES(331,'45900454-8',14,1,15,8,3,0);
INSERT INTO futbol.estadistica_j VALUES(332,'45909197-1',14,1,12,1,4,0);
INSERT INTO futbol.estadistica_j VALUES(333,'46096025-8',14,1,14,1,1,1);
INSERT INTO futbol.estadistica_j VALUES(334,'46279050-3',14,1,1,0,0,0);
INSERT INTO futbol.estadistica_j VALUES(335,'46301741-7',14,1,13,0,2,0);
INSERT INTO futbol.estadistica_j VALUES(336,'46363161-1',14,1,6,0,0,0);
INSERT INTO futbol.estadistica_j VALUES(337,'46551717-4',14,1,0,0,0,0);
INSERT INTO futbol.estadistica_j VALUES(338,'46601841-4',14,1,2,0,1,0);
INSERT INTO futbol.estadistica_j VALUES(339,'46613554-2',14,1,14,1,4,0);
INSERT INTO futbol.estadistica_j VALUES(340,'46720473-4',14,1,0,0,0,0);
INSERT INTO futbol.estadistica_j VALUES(341,'46732070-K',14,1,15,0,2,0);
INSERT INTO futbol.estadistica_j VALUES(342,'46862185-1',14,1,0,0,0,0);
INSERT INTO futbol.estadistica_j VALUES(343,'46956735-4',14,1,0,0,0,0);
INSERT INTO futbol.estadistica_j VALUES(344,'47057914-5',14,1,15,0,3,0);
INSERT INTO futbol.estadistica_j VALUES(345,'47125242-5',14,1,14,0,5,1);
INSERT INTO futbol.estadistica_j VALUES(346,'47314621-5',14,1,13,0,2,0);
INSERT INTO futbol.estadistica_j VALUES(347,'47355685-5',14,1,1,0,0,0);
INSERT INTO futbol.estadistica_j VALUES(348,'47420428-6',14,1,12,2,1,0);
INSERT INTO futbol.estadistica_j VALUES(349,'47450138-8',14,1,11,0,2,0);
INSERT INTO futbol.estadistica_j VALUES(350,'47510329-7',14,1,4,0,0,0);
INSERT INTO futbol.estadistica_j VALUES(351,'47546508-3',14,1,13,3,2,1);
/*Universidad Catolica*/
INSERT INTO futbol.estadistica_j VALUES(352,'47559764-8',15,1,3,0,0,0);
INSERT INTO futbol.estadistica_j VALUES(353,'47560134-3',15,1,11,2,1,0);
INSERT INTO futbol.estadistica_j VALUES(354,'47587555-9',15,1,4,0,1,1);
INSERT INTO futbol.estadistica_j VALUES(355,'47636080-3',15,1,1,0,0,0);
INSERT INTO futbol.estadistica_j VALUES(356,'47654118-2',15,1,12,2,2,1);
INSERT INTO futbol.estadistica_j VALUES(357,'47719617-9',15,1,1,0,0,0);
INSERT INTO futbol.estadistica_j VALUES(358,'47766029-0',15,1,10,0,0,0);
INSERT INTO futbol.estadistica_j VALUES(359,'47963168-9',15,1,9,0,2,0);
INSERT INTO futbol.estadistica_j VALUES(360,'48101979-6',15,1,1,0,0,0);
INSERT INTO futbol.estadistica_j VALUES(361,'48180988-6',15,1,5,0,1,0);
INSERT INTO futbol.estadistica_j VALUES(362,'48538884-2',15,1,8,0,2,1);
INSERT INTO futbol.estadistica_j VALUES(363,'48734365-K',15,1,15,1,3,0);
INSERT INTO futbol.estadistica_j VALUES(364,'48801592-3',15,1,8,0,1,0);
INSERT INTO futbol.estadistica_j VALUES(365,'48805987-4',15,1,0,0,0,0);
INSERT INTO futbol.estadistica_j VALUES(366,'48854035-1',15,1,15,0,1,0);
INSERT INTO futbol.estadistica_j VALUES(367,'48873145-9',15,1,0,0,0,0);
INSERT INTO futbol.estadistica_j VALUES(368,'48956190-5',15,1,13,1,2,0);
INSERT INTO futbol.estadistica_j VALUES(369,'48982338-1',15,1,13,3,2,0);
INSERT INTO futbol.estadistica_j VALUES(370,'49225592-0',15,1,9,0,4,0);
INSERT INTO futbol.estadistica_j VALUES(371,'49308888-2',15,1,0,0,0,0);
INSERT INTO futbol.estadistica_j VALUES(372,'49395245-5',15,1,13,8,0,1);
INSERT INTO futbol.estadistica_j VALUES(373,'49597055-8',15,1,0,0,0,0);
INSERT INTO futbol.estadistica_j VALUES(374,'49672372-4',15,1,1,0,0,0);
INSERT INTO futbol.estadistica_j VALUES(375,'49924550-5',15,1,1,0,0,0);
INSERT INTO futbol.estadistica_j VALUES(376,'49968413-4',15,1,12,3,3,0);
INSERT INTO futbol.estadistica_j VALUES(377,'50090076-8',15,1,8,0,0,0);
INSERT INTO futbol.estadistica_j VALUES(378,'50095080-3',15,1,11,0,2,0);
INSERT INTO futbol.estadistica_j VALUES(379,'50100422-7',15,1,14,3,3,1);
/*Universidad de Chile*/
INSERT INTO futbol.estadistica_j VALUES(380,'50127487-9',16,1,11,5,1,0);
INSERT INTO futbol.estadistica_j VALUES(381,'50185998-2',16,1,13,1,4,0);
INSERT INTO futbol.estadistica_j VALUES(382,'50190989-0',16,1,0,0,0,0);
INSERT INTO futbol.estadistica_j VALUES(383,'50232577-9',16,1,11,1,0,0);
INSERT INTO futbol.estadistica_j VALUES(384,'50314792-0',16,1,1,0,0,0);
INSERT INTO futbol.estadistica_j VALUES(385,'50404060-7',16,1,14,1,3,0);
INSERT INTO futbol.estadistica_j VALUES(386,'50482047-5',16,1,12,0,1,0);
INSERT INTO futbol.estadistica_j VALUES(387,'50545618-1',16,1,8,0,6,0);
INSERT INTO futbol.estadistica_j VALUES(388,'50573446-7',16,1,8,0,0,0);
INSERT INTO futbol.estadistica_j VALUES(389,'50575987-7',16,1,9,0,1,0);
INSERT INTO futbol.estadistica_j VALUES(390,'50622757-7',16,1,14,2,3,0);
INSERT INTO futbol.estadistica_j VALUES(391,'50660775-2',16,1,3,0,0,0);
INSERT INTO futbol.estadistica_j VALUES(392,'5092161-1',16,1,9,0,0,0);
INSERT INTO futbol.estadistica_j VALUES(393,'50964548-5',16,1,3,0,1,0);
INSERT INTO futbol.estadistica_j VALUES(394,'50991222-K',16,1,0,0,0,0);
INSERT INTO futbol.estadistica_j VALUES(395,'50993924-1',16,1,0,0,0,0);
INSERT INTO futbol.estadistica_j VALUES(396,'50999061-1',16,1,15,7,1,0);
INSERT INTO futbol.estadistica_j VALUES(397,'5240399-5',16,1,11,2,4,0);
INSERT INTO futbol.estadistica_j VALUES(398,'5257382-3',16,1,9,4,2,0);
INSERT INTO futbol.estadistica_j VALUES(399,'5359330-5',16,1,0,0,0,0);
INSERT INTO futbol.estadistica_j VALUES(400,'5427270-7',16,1,2,0,1,0);
INSERT INTO futbol.estadistica_j VALUES(401,'5473500-6',16,1,13,0,4,0);
INSERT INTO futbol.estadistica_j VALUES(402,'5481916-1',16,1,12,0,2,0);
INSERT INTO futbol.estadistica_j VALUES(403,'5799665-K',16,1,1,0,0,0);
/*nombre_seleccion, nombre_entrenador, apellido_entrenador*/
INSERT INTO futbol.seleccion_nacional VALUES('Chile','Juan','Pizzi');
INSERT INTO futbol.seleccion_nacional VALUES('Paraguay','Francisco','Arce');
INSERT INTO futbol.seleccion_nacional VALUES('Venezuela','Rafael','Dudamel');
INSERT INTO futbol.seleccion_nacional VALUES('Bolivia','Guillermo','Hoyos');
INSERT INTO futbol.seleccion_nacional VALUES('Peru','Ricardo','Gareca');
INSERT INTO futbol.seleccion_nacional VALUES('Argentina','Edgardo','Bauza');

/*rut_j, nombre_seleccion, partidos, goles, ano debut*/
INSERT INTO futbol.juega_s VALUES('12048504-0','Chile',6,0,2008);
INSERT INTO futbol.juega_s VALUES('12672830-1','Chile',3,0,2007);
INSERT INTO futbol.juega_s VALUES('13014176-5','Chile',3,0,2015);
INSERT INTO futbol.juega_s VALUES('13930476-4','Chile',10,0,2008);
INSERT INTO futbol.juega_s VALUES('14253964-0','Chile',3,0,2012);
INSERT INTO futbol.juega_s VALUES('14632689-7','Chile',4,1,2012);
INSERT INTO futbol.juega_s VALUES('14739147-1','Chile',6,1,2011);
INSERT INTO futbol.juega_s VALUES('17751779-8','Chile',1,0,2007);
INSERT INTO futbol.juega_s VALUES('18224508-9','Chile',30,9,2006);
INSERT INTO futbol.juega_s VALUES('18654794-2','Chile',7,0,2004);
INSERT INTO futbol.juega_s VALUES('18675546-4','Chile',1,0,2015);
INSERT INTO futbol.juega_s VALUES('18971132-8','Chile',1,0,2013);
INSERT INTO futbol.juega_s VALUES('19539816-K','Paraguay',79,0,1999);
INSERT INTO futbol.juega_s VALUES('19680734-9','Chile',1,0,2011);
INSERT INTO futbol.juega_s VALUES('19968162-1','Chile',19,1,2012);
INSERT INTO futbol.juega_s VALUES('20322470-2','Chile',1,0,2014);
INSERT INTO futbol.juega_s VALUES('20342408-6','Chile',1,0,2014);
INSERT INTO futbol.juega_s VALUES('20458522-9','Venezuela',1,0,2016);
INSERT INTO futbol.juega_s VALUES('20744048-5','Chile',2,0,2010);
INSERT INTO futbol.juega_s VALUES('22684394-9','Chile',6,0,2006);
INSERT INTO futbol.juega_s VALUES('22725515-3','Chile',1,0,2010);
INSERT INTO futbol.juega_s VALUES('23296182-1','Chile',1,0,2010);
INSERT INTO futbol.juega_s VALUES('23566190-K','Chile',1,0,2013);
INSERT INTO futbol.juega_s VALUES('24009566-1','Chile',1,0,2008);
INSERT INTO futbol.juega_s VALUES('27097291-8','Chile',4,0,2010);
INSERT INTO futbol.juega_s VALUES('27229283-3','Chile',1,0,2011);
INSERT INTO futbol.juega_s VALUES('27738996-7','Chile',8,0,2010);
INSERT INTO futbol.juega_s VALUES('30994528-K','Chile',1,0,2015);
INSERT INTO futbol.juega_s VALUES('31877710-1','Chile',1,0,2013);
INSERT INTO futbol.juega_s VALUES('32257921-7','Bolivia',11,0,2010);
INSERT INTO futbol.juega_s VALUES('33281392-7','Peru',2,0,2015);
INSERT INTO futbol.juega_s VALUES('33731283-7','Chile',1,0,2012);
INSERT INTO futbol.juega_s VALUES('33784809-5','Chile',2,0,2009);
INSERT INTO futbol.juega_s VALUES('34066880-4','Chile',15,0,2006);
INSERT INTO futbol.juega_s VALUES('34169601-1','Chile',1,0,2015);
INSERT INTO futbol.juega_s VALUES('34420111-0','Chile',1,0,2014);
INSERT INTO futbol.juega_s VALUES('35073697-2','Chile',1,0,2004);
INSERT INTO futbol.juega_s VALUES('35816888-4','Chile',25,0,2006);
INSERT INTO futbol.juega_s VALUES('37025954-2','Chile',2,0,2016);
INSERT INTO futbol.juega_s VALUES('39435415-5','Chile',7,0,2009);
INSERT INTO futbol.juega_s VALUES('43338809-7','Chile',34,3,2005);
INSERT INTO futbol.juega_s VALUES('46096025-8','Chile',6,0,2011);
INSERT INTO futbol.juega_s VALUES('47314621-5','Chile',6,0,2010);
INSERT INTO futbol.juega_s VALUES('47636080-3','Chile',2,1,2007);
INSERT INTO futbol.juega_s VALUES('47766029-0','Chile',1,0,2014);
INSERT INTO futbol.juega_s VALUES('48801592-3','Chile',6,0,2000);
INSERT INTO futbol.juega_s VALUES('48854035-1','Chile',7,0,2010);
INSERT INTO futbol.juega_s VALUES('49308888-2','Chile',5,0,2001);
INSERT INTO futbol.juega_s VALUES('49968413-4','Chile',34,3,2008);
INSERT INTO futbol.juega_s VALUES('50314792-0','Chile',2,0,2011);
INSERT INTO futbol.juega_s VALUES('50482047-5','Chile',2,0,2011);
INSERT INTO futbol.juega_s VALUES('50545618-1','Chile',92,3,2006);
INSERT INTO futbol.juega_s VALUES('50575987-7','Argentina',7,0,2009);
INSERT INTO futbol.juega_s VALUES('5092161-1','Chile',13,0,2002);
INSERT INTO futbol.juega_s VALUES('5240399-5','Chile',1,0,2014);
INSERT INTO futbol.juega_s VALUES('5473500-6','Chile',4,0,2011);

INSERT INTO futbol.premio VALUES(1,'Campeonato Apertura Scotiabank 2016');
INSERT INTO futbol.premio VALUES(2,'Maximo Goleador Torneo Apertura Scotiabank 2016');

INSERT INTO futbol.gana VALUES('47559764-8',1,'Colectivo',1); 
INSERT INTO futbol.gana VALUES('47560134-3',1,'Colectivo',1);
INSERT INTO futbol.gana VALUES('47587555-9',1,'Colectivo',1); 
INSERT INTO futbol.gana VALUES('47636080-3',1,'Colectivo',1); 
INSERT INTO futbol.gana VALUES('47654118-2',1,'Colectivo',1); 
INSERT INTO futbol.gana VALUES('47719617-9',1,'Colectivo',1); 
INSERT INTO futbol.gana VALUES('47766029-0',1,'Colectivo',1); 
INSERT INTO futbol.gana VALUES('47963168-9',1,'Colectivo',1); 
INSERT INTO futbol.gana VALUES('48101979-6',1,'Colectivo',1); 
INSERT INTO futbol.gana VALUES('48180988-6',1,'Colectivo',1); 
INSERT INTO futbol.gana VALUES('48538884-2',1,'Colectivo',1); 
INSERT INTO futbol.gana VALUES('48734365-K',1,'Colectivo',1); 
INSERT INTO futbol.gana VALUES('48801592-3',1,'Colectivo',1); 
INSERT INTO futbol.gana VALUES('48805987-4',1,'Colectivo',1); 
INSERT INTO futbol.gana VALUES('48854035-1',1,'Colectivo',1); 
INSERT INTO futbol.gana VALUES('48873145-9',1,'Colectivo',1); 
INSERT INTO futbol.gana VALUES('48956190-5',1,'Colectivo',1); 
INSERT INTO futbol.gana VALUES('48982338-1',1,'Colectivo',1);
INSERT INTO futbol.gana VALUES('49225592-0',1,'Colectivo',1); 
INSERT INTO futbol.gana VALUES('49308888-2',1,'Colectivo',1); 
INSERT INTO futbol.gana VALUES('49395245-5',1,'Colectivo',1); 
INSERT INTO futbol.gana VALUES('49597055-8',1,'Colectivo',1); 
INSERT INTO futbol.gana VALUES('49672372-4',1,'Colectivo',1); 
INSERT INTO futbol.gana VALUES('49924550-5',1,'Colectivo',1); 
INSERT INTO futbol.gana VALUES('49968413-4',1,'Colectivo',1); 
INSERT INTO futbol.gana VALUES('50090076-8',1,'Colectivo',1);
INSERT INTO futbol.gana VALUES('50095080-3',1,'Colectivo',1); 
INSERT INTO futbol.gana VALUES('50100422-7',1,'Colectivo',1);
INSERT INTO futbol.gana VALUES('34874182-9',2,'Individual',1);

INSERT INTO futbol.juega_t VALUES(1,'11915269-0');
INSERT INTO futbol.juega_t VALUES(1,'12048504-0');
INSERT INTO futbol.juega_t VALUES(1,'12324824-4');
INSERT INTO futbol.juega_t VALUES(1,'12517641-0');
INSERT INTO futbol.juega_t VALUES(1,'12544831-3');
INSERT INTO futbol.juega_t VALUES(1,'12619942-2');
INSERT INTO futbol.juega_t VALUES(1,'12672830-1');
INSERT INTO futbol.juega_t VALUES(1,'12861503-2');
INSERT INTO futbol.juega_t VALUES(1,'12868672-K');
INSERT INTO futbol.juega_t VALUES(1,'13014176-5');
INSERT INTO futbol.juega_t VALUES(1,'13196697-0');
INSERT INTO futbol.juega_t VALUES(1,'13223420-5');
INSERT INTO futbol.juega_t VALUES(1,'13611339-9');
INSERT INTO futbol.juega_t VALUES(1,'13779168-4');
INSERT INTO futbol.juega_t VALUES(1,'13889711-7');
INSERT INTO futbol.juega_t VALUES(1,'13930476-4'); 
INSERT INTO futbol.juega_t VALUES(1,'14024909-2'); 
INSERT INTO futbol.juega_t VALUES(1,'14095447-0'); 
INSERT INTO futbol.juega_t VALUES(1,'14171494-5'); 
INSERT INTO futbol.juega_t VALUES(1,'14253964-0'); 
INSERT INTO futbol.juega_t VALUES(1,'14515084-1'); 
INSERT INTO futbol.juega_t VALUES(1,'14632689-7'); 
INSERT INTO futbol.juega_t VALUES(1,'14739147-1'); 
INSERT INTO futbol.juega_t VALUES(1,'14824165-1'); 
INSERT INTO futbol.juega_t VALUES(1,'14858209-2');
INSERT INTO futbol.juega_t VALUES(1,'14888962-7'); 
INSERT INTO futbol.juega_t VALUES(1,'15054655-9');

INSERT INTO futbol.juega_t VALUES(1,'15270472-0'); 
INSERT INTO futbol.juega_t VALUES(1,'15273316-K'); 
INSERT INTO futbol.juega_t VALUES(1,'15714035-3'); 
INSERT INTO futbol.juega_t VALUES(1,'15802859-K'); 
INSERT INTO futbol.juega_t VALUES(1,'15822952-8'); 
INSERT INTO futbol.juega_t VALUES(1,'16031701-9'); 
INSERT INTO futbol.juega_t VALUES(1,'16155423-5'); 
INSERT INTO futbol.juega_t VALUES(1,'16193853-K'); 
INSERT INTO futbol.juega_t VALUES(1,'16275820-9'); 
INSERT INTO futbol.juega_t VALUES(1,'16678805-6'); 
INSERT INTO futbol.juega_t VALUES(1,'16860658-3'); 
INSERT INTO futbol.juega_t VALUES(1,'16875752-2'); 
INSERT INTO futbol.juega_t VALUES(1,'16888972-0'); 
INSERT INTO futbol.juega_t VALUES(1,'17168229-0'); 
INSERT INTO futbol.juega_t VALUES(1,'17180947-9');
INSERT INTO futbol.juega_t VALUES(1,'17238574-5'); 
INSERT INTO futbol.juega_t VALUES(1,'17347339-7'); 
INSERT INTO futbol.juega_t VALUES(1,'17455368-8'); 
INSERT INTO futbol.juega_t VALUES(1,'17670111-0'); 
INSERT INTO futbol.juega_t VALUES(1,'17751779-8'); 
INSERT INTO futbol.juega_t VALUES(1,'17812987-2'); 
INSERT INTO futbol.juega_t VALUES(1,'17918637-3'); 
INSERT INTO futbol.juega_t VALUES(1,'17954704-K'); 
INSERT INTO futbol.juega_t VALUES(1,'17980112-4'); 
INSERT INTO futbol.juega_t VALUES(1,'18165513-5');

INSERT INTO futbol.juega_t VALUES(1,'18224508-9'); 
INSERT INTO futbol.juega_t VALUES(1,'18604139-9'); 
INSERT INTO futbol.juega_t VALUES(1,'18654794-2'); 
INSERT INTO futbol.juega_t VALUES(1,'18675546-4'); 
INSERT INTO futbol.juega_t VALUES(1,'18695903-5'); 
INSERT INTO futbol.juega_t VALUES(1,'18736435-3'); 
INSERT INTO futbol.juega_t VALUES(1,'18854108-9'); 
INSERT INTO futbol.juega_t VALUES(1,'18919671-7'); 
INSERT INTO futbol.juega_t VALUES(1,'18967154-7'); 
INSERT INTO futbol.juega_t VALUES(1,'18971132-8'); 
INSERT INTO futbol.juega_t VALUES(1,'19013735-K'); 
INSERT INTO futbol.juega_t VALUES(1,'19021885-6'); 
INSERT INTO futbol.juega_t VALUES(1,'19070783-0'); 
INSERT INTO futbol.juega_t VALUES(1,'19077291-8'); 
INSERT INTO futbol.juega_t VALUES(1,'19395720-K'); 
INSERT INTO futbol.juega_t VALUES(1,'19539816-K'); 
INSERT INTO futbol.juega_t VALUES(1,'19680734-9'); 
INSERT INTO futbol.juega_t VALUES(1,'19762226-1'); 
INSERT INTO futbol.juega_t VALUES(1,'19910576-0'); 
INSERT INTO futbol.juega_t VALUES(1,'19968162-1'); 
INSERT INTO futbol.juega_t VALUES(1,'20154286-3');
INSERT INTO futbol.juega_t VALUES(1,'20175465-8'); 
INSERT INTO futbol.juega_t VALUES(1,'20308736-5'); 
INSERT INTO futbol.juega_t VALUES(1,'20322470-2'); 
INSERT INTO futbol.juega_t VALUES(1,'20342408-6'); 
INSERT INTO futbol.juega_t VALUES(1,'20367174-1'); 

INSERT INTO futbol.juega_t VALUES(1,'20458522-9'); 
INSERT INTO futbol.juega_t VALUES(1,'20471453-3'); 
INSERT INTO futbol.juega_t VALUES(1,'20514598-2'); 
INSERT INTO futbol.juega_t VALUES(1,'20532940-4'); 
INSERT INTO futbol.juega_t VALUES(1,'20536510-9'); 
INSERT INTO futbol.juega_t VALUES(1,'20744048-5'); 
INSERT INTO futbol.juega_t VALUES(1,'20798945-2'); 
INSERT INTO futbol.juega_t VALUES(1,'20940580-6'); 
INSERT INTO futbol.juega_t VALUES(1,'20967140-9'); 
INSERT INTO futbol.juega_t VALUES(1,'21025750-0'); 
INSERT INTO futbol.juega_t VALUES(1,'21134579-9'); 
INSERT INTO futbol.juega_t VALUES(1,'21173572-4'); 
INSERT INTO futbol.juega_t VALUES(1,'21455801-7'); 
INSERT INTO futbol.juega_t VALUES(1,'21547899-8'); 
INSERT INTO futbol.juega_t VALUES(1,'21977574-1'); 
INSERT INTO futbol.juega_t VALUES(1,'22032325-0'); 
INSERT INTO futbol.juega_t VALUES(1,'22178953-9'); 
INSERT INTO futbol.juega_t VALUES(1,'22261858-4'); 
INSERT INTO futbol.juega_t VALUES(1,'22494820-4'); 
INSERT INTO futbol.juega_t VALUES(1,'22684394-9'); 
INSERT INTO futbol.juega_t VALUES(1,'22725515-3'); 
INSERT INTO futbol.juega_t VALUES(1,'23002458-8'); 
INSERT INTO futbol.juega_t VALUES(1,'23091749-3'); 
INSERT INTO futbol.juega_t VALUES(1,'23296182-1'); 
INSERT INTO futbol.juega_t VALUES(1,'23322673-4'); 
INSERT INTO futbol.juega_t VALUES(1,'23512271-5'); 

INSERT INTO futbol.juega_t VALUES(1,'23566190-K'); 
INSERT INTO futbol.juega_t VALUES(1,'23722417-5'); 
INSERT INTO futbol.juega_t VALUES(1,'23732312-2'); 
INSERT INTO futbol.juega_t VALUES(1,'23754867-1'); 
INSERT INTO futbol.juega_t VALUES(1,'23942854-1'); 
INSERT INTO futbol.juega_t VALUES(1,'24009566-1'); 
INSERT INTO futbol.juega_t VALUES(1,'24244635-6'); 
INSERT INTO futbol.juega_t VALUES(1,'24293112-2'); 
INSERT INTO futbol.juega_t VALUES(1,'24342410-0'); 
INSERT INTO futbol.juega_t VALUES(1,'24468430-0'); 
INSERT INTO futbol.juega_t VALUES(1,'24545670-0'); 
INSERT INTO futbol.juega_t VALUES(1,'24677944-9'); 
INSERT INTO futbol.juega_t VALUES(1,'24690035-3'); 
INSERT INTO futbol.juega_t VALUES(1,'24897545-8'); 
INSERT INTO futbol.juega_t VALUES(1,'24968937-8'); 
INSERT INTO futbol.juega_t VALUES(1,'25058206-4');
INSERT INTO futbol.juega_t VALUES(1,'25074682-2'); 
INSERT INTO futbol.juega_t VALUES(1,'25186014-9'); 
INSERT INTO futbol.juega_t VALUES(1,'25214929-5'); 
INSERT INTO futbol.juega_t VALUES(1,'25464441-2'); 
INSERT INTO futbol.juega_t VALUES(1,'25472910-8'); 
INSERT INTO futbol.juega_t VALUES(1,'25503572-K'); 
INSERT INTO futbol.juega_t VALUES(1,'25653553-K'); 
INSERT INTO futbol.juega_t VALUES(1,'25737594-3'); 
INSERT INTO futbol.juega_t VALUES(1,'25747733-9'); 
INSERT INTO futbol.juega_t VALUES(1,'25767152-6'); 

INSERT INTO futbol.juega_t VALUES(1,'25793777-1'); 
INSERT INTO futbol.juega_t VALUES(1,'25999917-0'); 
INSERT INTO futbol.juega_t VALUES(1,'26247170-5'); 
INSERT INTO futbol.juega_t VALUES(1,'26651954-0'); 
INSERT INTO futbol.juega_t VALUES(1,'26794487-3'); 
INSERT INTO futbol.juega_t VALUES(1,'26951471-K'); 
INSERT INTO futbol.juega_t VALUES(1,'27097291-8'); 
INSERT INTO futbol.juega_t VALUES(1,'27218213-2'); 
INSERT INTO futbol.juega_t VALUES(1,'27219714-8'); 
INSERT INTO futbol.juega_t VALUES(1,'27229283-3'); 
INSERT INTO futbol.juega_t VALUES(1,'27258113-4'); 
INSERT INTO futbol.juega_t VALUES(1,'27396408-8'); 
INSERT INTO futbol.juega_t VALUES(1,'27576037-4'); 
INSERT INTO futbol.juega_t VALUES(1,'27592944-1'); 
INSERT INTO futbol.juega_t VALUES(1,'27610573-6'); 
INSERT INTO futbol.juega_t VALUES(1,'27654678-3'); 
INSERT INTO futbol.juega_t VALUES(1,'27717337-9'); 
INSERT INTO futbol.juega_t VALUES(1,'27738996-7'); 
INSERT INTO futbol.juega_t VALUES(1,'27881614-1'); 
INSERT INTO futbol.juega_t VALUES(1,'28138706-5'); 
INSERT INTO futbol.juega_t VALUES(1,'28450612-K'); 
INSERT INTO futbol.juega_t VALUES(1,'28606306-3'); 

INSERT INTO futbol.juega_t VALUES(1,'28712986-6');
INSERT INTO futbol.juega_t VALUES(1,'28834735-2'); 
INSERT INTO futbol.juega_t VALUES(1,'28917917-8'); 
INSERT INTO futbol.juega_t VALUES(1,'28943143-8'); 
INSERT INTO futbol.juega_t VALUES(1,'29090661-K'); 
INSERT INTO futbol.juega_t VALUES(1,'29201841-K'); 
INSERT INTO futbol.juega_t VALUES(1,'29244651-9'); 
INSERT INTO futbol.juega_t VALUES(1,'29379206-2'); 
INSERT INTO futbol.juega_t VALUES(1,'29387414-K'); 
INSERT INTO futbol.juega_t VALUES(1,'29611137-6'); 
INSERT INTO futbol.juega_t VALUES(1,'29815852-3'); 
INSERT INTO futbol.juega_t VALUES(1,'29896514-3'); 
INSERT INTO futbol.juega_t VALUES(1,'29906642-8'); 
INSERT INTO futbol.juega_t VALUES(1,'29929767-5'); 
INSERT INTO futbol.juega_t VALUES(1,'29934275-1'); 
INSERT INTO futbol.juega_t VALUES(1,'30030221-1'); 
INSERT INTO futbol.juega_t VALUES(1,'30080861-1'); 
INSERT INTO futbol.juega_t VALUES(1,'30119830-2'); 
INSERT INTO futbol.juega_t VALUES(1,'30121310-7'); 
INSERT INTO futbol.juega_t VALUES(1,'30179152-6'); 
INSERT INTO futbol.juega_t VALUES(1,'30319022-8'); 
INSERT INTO futbol.juega_t VALUES(1,'30410972-6'); 
INSERT INTO futbol.juega_t VALUES(1,'30515749-K'); 
INSERT INTO futbol.juega_t VALUES(1,'30626009-K'); 
INSERT INTO futbol.juega_t VALUES(1,'30652167-5'); 
INSERT INTO futbol.juega_t VALUES(1,'30772513-4'); 

INSERT INTO futbol.juega_t VALUES(1,'30819769-7'); 
INSERT INTO futbol.juega_t VALUES(1,'30850003-9'); 
INSERT INTO futbol.juega_t VALUES(1,'30994528-K'); 
INSERT INTO futbol.juega_t VALUES(1,'31074174-4'); 
INSERT INTO futbol.juega_t VALUES(1,'31076764-6'); 
INSERT INTO futbol.juega_t VALUES(1,'31221504-7'); 
INSERT INTO futbol.juega_t VALUES(1,'31764441-8'); 
INSERT INTO futbol.juega_t VALUES(1,'31837605-0'); 
INSERT INTO futbol.juega_t VALUES(1,'31877710-1'); 
INSERT INTO futbol.juega_t VALUES(1,'31891838-4'); 
INSERT INTO futbol.juega_t VALUES(1,'31915708-5'); 
INSERT INTO futbol.juega_t VALUES(1,'32257921-7'); 
INSERT INTO futbol.juega_t VALUES(1,'32310379-8'); 
INSERT INTO futbol.juega_t VALUES(1,'32464817-8'); 
INSERT INTO futbol.juega_t VALUES(1,'32504563-9'); 
INSERT INTO futbol.juega_t VALUES(1,'32601867-8'); 
INSERT INTO futbol.juega_t VALUES(1,'32649175-6'); 
INSERT INTO futbol.juega_t VALUES(1,'32753197-2');

INSERT INTO futbol.juega_t VALUES(1,'32757370-5'); 
INSERT INTO futbol.juega_t VALUES(1,'32773829-1'); 
INSERT INTO futbol.juega_t VALUES(1,'32785278-7'); 
INSERT INTO futbol.juega_t VALUES(1,'33079123-3'); 
INSERT INTO futbol.juega_t VALUES(1,'33281392-7'); 
INSERT INTO futbol.juega_t VALUES(1,'33443805-8'); 
INSERT INTO futbol.juega_t VALUES(1,'33531868-4'); 
INSERT INTO futbol.juega_t VALUES(1,'33609280-9'); 
INSERT INTO futbol.juega_t VALUES(1,'33622572-8'); 
INSERT INTO futbol.juega_t VALUES(1,'33679124-3'); 
INSERT INTO futbol.juega_t VALUES(1,'33731283-7'); 
INSERT INTO futbol.juega_t VALUES(1,'33734006-7'); 
INSERT INTO futbol.juega_t VALUES(1,'33784809-5'); 
INSERT INTO futbol.juega_t VALUES(1,'33843862-1'); 
INSERT INTO futbol.juega_t VALUES(1,'34066880-4');
INSERT INTO futbol.juega_t VALUES(1,'34082662-0'); 
INSERT INTO futbol.juega_t VALUES(1,'34094189-6'); 
INSERT INTO futbol.juega_t VALUES(1,'34142049-0'); 
INSERT INTO futbol.juega_t VALUES(1,'34169601-1'); 
INSERT INTO futbol.juega_t VALUES(1,'34172896-7'); 
INSERT INTO futbol.juega_t VALUES(1,'34420111-0'); 
INSERT INTO futbol.juega_t VALUES(1,'34673439-6'); 
INSERT INTO futbol.juega_t VALUES(1,'34747311-1'); 
INSERT INTO futbol.juega_t VALUES(1,'34836833-8'); 
INSERT INTO futbol.juega_t VALUES(1,'34870093-6'); 

INSERT INTO futbol.juega_t VALUES(1,'34874182-9'); 
INSERT INTO futbol.juega_t VALUES(1,'35073697-2'); 
INSERT INTO futbol.juega_t VALUES(1,'35313214-8'); 
INSERT INTO futbol.juega_t VALUES(1,'35488848-3'); 
INSERT INTO futbol.juega_t VALUES(1,'35532831-7'); 
INSERT INTO futbol.juega_t VALUES(1,'35631115-9'); 
INSERT INTO futbol.juega_t VALUES(1,'35744012-2'); 
INSERT INTO futbol.juega_t VALUES(1,'35756180-9'); 
INSERT INTO futbol.juega_t VALUES(1,'35816888-4'); 
INSERT INTO futbol.juega_t VALUES(1,'35864254-3'); 
INSERT INTO futbol.juega_t VALUES(1,'35867764-9'); 
INSERT INTO futbol.juega_t VALUES(1,'36044676-K'); 
INSERT INTO futbol.juega_t VALUES(1,'36159662-5'); 
INSERT INTO futbol.juega_t VALUES(1,'36216082-0'); 
INSERT INTO futbol.juega_t VALUES(1,'36247930-4'); 
INSERT INTO futbol.juega_t VALUES(1,'36909250-2'); 
INSERT INTO futbol.juega_t VALUES(1,'37025954-2'); 
INSERT INTO futbol.juega_t VALUES(1,'37069510-5'); 
INSERT INTO futbol.juega_t VALUES(1,'37174206-9'); 
INSERT INTO futbol.juega_t VALUES(1,'37421895-6'); 

INSERT INTO futbol.juega_t VALUES(1,'37730391-1'); 
INSERT INTO futbol.juega_t VALUES(1,'37737396-0'); 
INSERT INTO futbol.juega_t VALUES(1,'37805257-2'); 
INSERT INTO futbol.juega_t VALUES(1,'37830533-0'); 
INSERT INTO futbol.juega_t VALUES(1,'37942675-1'); 
INSERT INTO futbol.juega_t VALUES(1,'38083421-9'); 
INSERT INTO futbol.juega_t VALUES(1,'38087242-0'); 
INSERT INTO futbol.juega_t VALUES(1,'38212669-6'); 
INSERT INTO futbol.juega_t VALUES(1,'38267727-7'); 
INSERT INTO futbol.juega_t VALUES(1,'38288385-3'); 
INSERT INTO futbol.juega_t VALUES(1,'38310769-5'); 
INSERT INTO futbol.juega_t VALUES(1,'38365226-K'); 
INSERT INTO futbol.juega_t VALUES(1,'38545966-1'); 
INSERT INTO futbol.juega_t VALUES(1,'38575106-0'); 
INSERT INTO futbol.juega_t VALUES(1,'38875618-7'); 
INSERT INTO futbol.juega_t VALUES(1,'38930230-9'); 
INSERT INTO futbol.juega_t VALUES(1,'39160651-K'); 
INSERT INTO futbol.juega_t VALUES(1,'39241979-9'); 
INSERT INTO futbol.juega_t VALUES(1,'39304439-K'); 
INSERT INTO futbol.juega_t VALUES(1,'39309010-3'); 
INSERT INTO futbol.juega_t VALUES(1,'39383993-7'); 
INSERT INTO futbol.juega_t VALUES(1,'39435415-5'); 
INSERT INTO futbol.juega_t VALUES(1,'39480932-2'); 
INSERT INTO futbol.juega_t VALUES(1,'39795963-5'); 
INSERT INTO futbol.juega_t VALUES(1,'40176933-1'); 
INSERT INTO futbol.juega_t VALUES(1,'40241112-0'); 

INSERT INTO futbol.juega_t VALUES(1,'40328307-K'); 
INSERT INTO futbol.juega_t VALUES(1,'40436275-5'); 
INSERT INTO futbol.juega_t VALUES(1,'40492654-3'); 
INSERT INTO futbol.juega_t VALUES(1,'40962854-0'); 
INSERT INTO futbol.juega_t VALUES(1,'40998533-5'); 
INSERT INTO futbol.juega_t VALUES(1,'41123625-0'); 
INSERT INTO futbol.juega_t VALUES(1,'41153092-2'); 
INSERT INTO futbol.juega_t VALUES(1,'41233802-2'); 
INSERT INTO futbol.juega_t VALUES(1,'41248551-3'); 
INSERT INTO futbol.juega_t VALUES(1,'41360840-6'); 
INSERT INTO futbol.juega_t VALUES(1,'41477587-K'); 
INSERT INTO futbol.juega_t VALUES(1,'41620293-1'); 
INSERT INTO futbol.juega_t VALUES(1,'41955065-5'); 
INSERT INTO futbol.juega_t VALUES(1,'42114664-0'); 
INSERT INTO futbol.juega_t VALUES(1,'42125315-3'); 
INSERT INTO futbol.juega_t VALUES(1,'42190430-8'); 
INSERT INTO futbol.juega_t VALUES(1,'42262521-6');
INSERT INTO futbol.juega_t VALUES(1,'42361278-9'); 
INSERT INTO futbol.juega_t VALUES(1,'42449502-6'); 
INSERT INTO futbol.juega_t VALUES(1,'42502955-K'); 
INSERT INTO futbol.juega_t VALUES(1,'42662265-3'); 
INSERT INTO futbol.juega_t VALUES(1,'42736749-5'); 
INSERT INTO futbol.juega_t VALUES(1,'42755437-6'); 
INSERT INTO futbol.juega_t VALUES(1,'42878329-8'); 
INSERT INTO futbol.juega_t VALUES(1,'42908239-0'); 
INSERT INTO futbol.juega_t VALUES(1,'43027681-6'); 
INSERT INTO futbol.juega_t VALUES(1,'43088742-4'); 

INSERT INTO futbol.juega_t VALUES(1,'43232686-1'); 
INSERT INTO futbol.juega_t VALUES(1,'43264158-9'); 
INSERT INTO futbol.juega_t VALUES(1,'43306450-K'); 
INSERT INTO futbol.juega_t VALUES(1,'43309355-0'); 
INSERT INTO futbol.juega_t VALUES(1,'43338809-7');
INSERT INTO futbol.juega_t VALUES(1,'43358146-6'); 
INSERT INTO futbol.juega_t VALUES(1,'43420811-4'); 
INSERT INTO futbol.juega_t VALUES(1,'43423881-1'); 
INSERT INTO futbol.juega_t VALUES(1,'43523496-8'); 
INSERT INTO futbol.juega_t VALUES(1,'43866811-K'); 
INSERT INTO futbol.juega_t VALUES(1,'43928728-4'); 
INSERT INTO futbol.juega_t VALUES(1,'43931555-5'); 
INSERT INTO futbol.juega_t VALUES(1,'43934657-4'); 
INSERT INTO futbol.juega_t VALUES(1,'44278436-1'); 
INSERT INTO futbol.juega_t VALUES(1,'44321690-1'); 
INSERT INTO futbol.juega_t VALUES(1,'44447105-0'); 
INSERT INTO futbol.juega_t VALUES(1,'44470211-7'); 
INSERT INTO futbol.juega_t VALUES(1,'44603089-2'); 
INSERT INTO futbol.juega_t VALUES(1,'44741275-6'); 
INSERT INTO futbol.juega_t VALUES(1,'45100068-3'); 
INSERT INTO futbol.juega_t VALUES(1,'45108359-7'); 

INSERT INTO futbol.juega_t VALUES(1,'45425574-7'); 
INSERT INTO futbol.juega_t VALUES(1,'45611082-7'); 
INSERT INTO futbol.juega_t VALUES(1,'45647924-3'); 
INSERT INTO futbol.juega_t VALUES(1,'45742136-2'); 
INSERT INTO futbol.juega_t VALUES(1,'45900454-8'); 
INSERT INTO futbol.juega_t VALUES(1,'45909197-1'); 
INSERT INTO futbol.juega_t VALUES(1,'46096025-8'); 
INSERT INTO futbol.juega_t VALUES(1,'46279050-3'); 
INSERT INTO futbol.juega_t VALUES(1,'46301741-7'); 
INSERT INTO futbol.juega_t VALUES(1,'46363161-1'); 
INSERT INTO futbol.juega_t VALUES(1,'46551717-4'); 
INSERT INTO futbol.juega_t VALUES(1,'46601841-4'); 
INSERT INTO futbol.juega_t VALUES(1,'46613554-2'); 
INSERT INTO futbol.juega_t VALUES(1,'46720473-4'); 
INSERT INTO futbol.juega_t VALUES(1,'46732070-K'); 
INSERT INTO futbol.juega_t VALUES(1,'46862185-1'); 
INSERT INTO futbol.juega_t VALUES(1,'46956735-4'); 
INSERT INTO futbol.juega_t VALUES(1,'47057914-5'); 
INSERT INTO futbol.juega_t VALUES(1,'47125242-5'); 
INSERT INTO futbol.juega_t VALUES(1,'47314621-5'); 
INSERT INTO futbol.juega_t VALUES(1,'47355685-5');
INSERT INTO futbol.juega_t VALUES(1,'47420428-6'); 
INSERT INTO futbol.juega_t VALUES(1,'47450138-8'); 
INSERT INTO futbol.juega_t VALUES(1,'47510329-7'); 
INSERT INTO futbol.juega_t VALUES(1,'47546508-3'); 

INSERT INTO futbol.juega_t VALUES(1,'47559764-8'); 
INSERT INTO futbol.juega_t VALUES(1,'47560134-3'); 
INSERT INTO futbol.juega_t VALUES(1,'47587555-9'); 
INSERT INTO futbol.juega_t VALUES(1,'47636080-3'); 
INSERT INTO futbol.juega_t VALUES(1,'47654118-2'); 
INSERT INTO futbol.juega_t VALUES(1,'47719617-9'); 
INSERT INTO futbol.juega_t VALUES(1,'47766029-0'); 
INSERT INTO futbol.juega_t VALUES(1,'47963168-9'); 
INSERT INTO futbol.juega_t VALUES(1,'48101979-6'); 
INSERT INTO futbol.juega_t VALUES(1,'48180988-6'); 
INSERT INTO futbol.juega_t VALUES(1,'48538884-2'); 
INSERT INTO futbol.juega_t VALUES(1,'48734365-K'); 
INSERT INTO futbol.juega_t VALUES(1,'48801592-3'); 
INSERT INTO futbol.juega_t VALUES(1,'48805987-4'); 
INSERT INTO futbol.juega_t VALUES(1,'48854035-1'); 
INSERT INTO futbol.juega_t VALUES(1,'48873145-9'); 
INSERT INTO futbol.juega_t VALUES(1,'48956190-5'); 
INSERT INTO futbol.juega_t VALUES(1,'48982338-1');
INSERT INTO futbol.juega_t VALUES(1,'49225592-0'); 
INSERT INTO futbol.juega_t VALUES(1,'49308888-2'); 
INSERT INTO futbol.juega_t VALUES(1,'49395245-5'); 
INSERT INTO futbol.juega_t VALUES(1,'49597055-8'); 
INSERT INTO futbol.juega_t VALUES(1,'49672372-4'); 
INSERT INTO futbol.juega_t VALUES(1,'49924550-5'); 
INSERT INTO futbol.juega_t VALUES(1,'49968413-4'); 
INSERT INTO futbol.juega_t VALUES(1,'50090076-8');
INSERT INTO futbol.juega_t VALUES(1,'50095080-3'); 
INSERT INTO futbol.juega_t VALUES(1,'50100422-7'); 

INSERT INTO futbol.juega_t VALUES(1,'50127487-9'); 
INSERT INTO futbol.juega_t VALUES(1,'50185998-2'); 
INSERT INTO futbol.juega_t VALUES(1,'50190989-0'); 
INSERT INTO futbol.juega_t VALUES(1,'50232577-9'); 
INSERT INTO futbol.juega_t VALUES(1,'50314792-0'); 
INSERT INTO futbol.juega_t VALUES(1,'50404060-7'); 
INSERT INTO futbol.juega_t VALUES(1,'50482047-5'); 
INSERT INTO futbol.juega_t VALUES(1,'50545618-1'); 
INSERT INTO futbol.juega_t VALUES(1,'50573446-7'); 
INSERT INTO futbol.juega_t VALUES(1,'50575987-7'); 
INSERT INTO futbol.juega_t VALUES(1,'50622757-7'); 
INSERT INTO futbol.juega_t VALUES(1,'50660775-2'); 
INSERT INTO futbol.juega_t VALUES(1,'5092161-1'); 
INSERT INTO futbol.juega_t VALUES(1,'50964548-5'); 
INSERT INTO futbol.juega_t VALUES(1,'50993924-1'); 
INSERT INTO futbol.juega_t VALUES(1,'50999061-1'); 
INSERT INTO futbol.juega_t VALUES(1,'5240399-5'); 
INSERT INTO futbol.juega_t VALUES(1,'5257382-3'); 
INSERT INTO futbol.juega_t VALUES(1,'5359330-5'); 
INSERT INTO futbol.juega_t VALUES(1,'5427270-7'); 
INSERT INTO futbol.juega_t VALUES(1,'5473500-6'); 
INSERT INTO futbol.juega_t VALUES(1,'5481916-1'); 
INSERT INTO futbol.juega_t VALUES(1,'5799665-K'); 


/*id_sancion, rut_j, ano_s, tipo_sancion, descripcion, cantidad_partidos_sancionados*/
INSERT INTO futbol.sancion VALUES(1,'41248551-3',2016,'Denuncia','Denuncia de Everton',3);
INSERT INTO futbol.sancion VALUES(2,'36159662-5',2016,'Acumulacion Tarjeta','Quinta tarjeta amarilla',1);
INSERT INTO futbol.sancion VALUES(3,'13014176-5',2016,'Acumulacion Tarjeta','Quinta tarjeta amarilla',1);
INSERT INTO futbol.sancion VALUES(4,'25058206-4',2016,'Acumulacion Tarjeta','Quinta tarjeta amarilla',1);
INSERT INTO futbol.sancion VALUES(5,'46613554-2',2016,'Acumulacion Tarjeta','Quinta tarjeta amarilla',1);
INSERT INTO futbol.sancion VALUES(6,'37830533-0',2016,'Acumulacion Tarjeta','Quinta tarjeta amarilla',1);
INSERT INTO futbol.sancion VALUES(7,'38083421-9',2016,'Expulsion','Expulsado tarjeta roja directa',2);
INSERT INTO futbol.sancion VALUES(8,'24009566-1',2016,'Acumulacion Tarjeta','Quinta tarjeta amarilla',1);
INSERT INTO futbol.sancion VALUES(9,'25464441-2',2016,'Expulsion','Expulsado tarjeta roja directa',1);
INSERT INTO futbol.sancion VALUES(10,'43306450-K',2016,'Acumulacion Tarjeta','Quinta tarjeta amarilla',1);
INSERT INTO futbol.sancion VALUES(11,'33531868-4',2016,'Expulsion','Expulsado por doble tarjeta amarilla',1);
INSERT INTO futbol.sancion VALUES(12,'28450612-K',2016,'Acumulacion Tarjeta','Quinta tarjeta amarilla',1);
INSERT INTO futbol.sancion VALUES(13,'26951471-K',2016,'Expulsion','Expulsado por roja directa',4);
INSERT INTO futbol.sancion VALUES(14,'27610573-6',2016,'Expulsion','Expulsado por doble tarjeta amarilla',1);
INSERT INTO futbol.sancion VALUES(15,'19070783-0',2016,'Acumulacion Tarjeta','Quinta tarjeta amarilla',1);
INSERT INTO futbol.sancion VALUES(16,'20322470-2',2016,'Acumulacion Tarjeta','Quinta tarjeta amarilla',1);
INSERT INTO futbol.sancion VALUES(17,'19968162-1',2016,'Acumulacion Tarjeta','Quinta tarjeta amarilla',1);
INSERT INTO futbol.sancion VALUES(18,'46096025-8',2016,'Expulsion','Expulsado tarjeta roja directa',1);
INSERT INTO futbol.sancion VALUES(19,'17954704-K',2016,'Acumulacion Tarjeta','Quinta tarjeta amarilla',1);
INSERT INTO futbol.sancion VALUES(20,'42755437-6',2016,'Acumulacion Tarjeta','Quinta tarjeta amarilla',1);
INSERT INTO futbol.sancion VALUES(22,'47654118-2',2016,'Expulsion','Expulsado tarjeta roja directa',1);
INSERT INTO futbol.sancion VALUES(23,'33679124-3',2016,'Acumulacion Tarjeta','Quinta tarjeta amarilla',1);
INSERT INTO futbol.sancion VALUES(24,'16860658-3',2016,'Acumulacion Tarjeta','Quinta tarjeta amarilla',1);
INSERT INTO futbol.sancion VALUES(25,'34169601-1',2016,'Expulsion','Expulsado por doble tarjeta amarilla',1);
INSERT INTO futbol.sancion VALUES(26,'39383993-7',2016,'Acumulacion Tarjeta','Quinta tarjeta amarilla',1);
INSERT INTO futbol.sancion VALUES(27,'48538884-2',2016,'Expulsion','Expulsado tarjeta roja directa',3);
INSERT INTO futbol.sancion VALUES(28,'41248551-3',2016,'Acumulacion Tarjeta','Quinta tarjeta amarilla',1);
INSERT INTO futbol.sancion VALUES(29,'34673439-6',2016,'Acumulacion Tarjeta','Quinta tarjeta amarilla',1);
INSERT INTO futbol.sancion VALUES(30,'33679124-3',2016,'Expulsion','Expulsado por doble tarjeta amarilla',1);
INSERT INTO futbol.sancion VALUES(31,'13196697-0',2016,'Expulsion','Expulsado por doble tarjeta amarilla',1);
INSERT INTO futbol.sancion VALUES(32,'25999917-0',2016,'Expulsion','Expulsado por doble tarjeta amarilla',1);
INSERT INTO futbol.sancion VALUES(33,'28712986-6',2016,'Expulsion','Expulsado por doble tarjeta amarilla',1);
INSERT INTO futbol.sancion VALUES(34,'38083421-9',2016,'Expulsion','Expulsado por doble tarjeta amarilla',1);
INSERT INTO futbol.sancion VALUES(35,'50100422-7',2016,'Expulsion','Expulsado tarjeta roja directa',1);
INSERT INTO futbol.sancion VALUES(36,'31877710-1',2016,'Acumulacion Tarjeta','Quinta tarjeta amarilla',1);
INSERT INTO futbol.sancion VALUES(37,'24690035-3',2016,'Expulsion','Expulsado por doble tarjeta amarilla',1);
INSERT INTO futbol.sancion VALUES(38,'20175465-8',2016,'Acumulacion Tarjeta','Quinta tarjeta amarilla',1);
INSERT INTO futbol.sancion VALUES(39,'38875618-7',2016,'Expulsion','Expulsado tarjeta roja directa',2);
INSERT INTO futbol.sancion VALUES(40,'12861503-2',2016,'Expulsion','Expulsado por doble tarjeta amarilla',1);
INSERT INTO futbol.sancion VALUES(41,'37942675-1',2016,'Expulsion','Expulsado tarjeta roja directa',1);
INSERT INTO futbol.sancion VALUES(42,'18165513-5',2016,'Expulsion','Expulsado por doble tarjeta amarilla',1);
INSERT INTO futbol.sancion VALUES(43,'50545618-1',2016,'Indisciplina','Fallo de la ANFP',6);
INSERT INTO futbol.sancion VALUES(44,'40241112-0',2016,'Expulsion','Expulsado tarjeta roja directa',2);
INSERT INTO futbol.sancion VALUES(45,'33731283-7',2016,'Expulsion','Expulsado por doble tarjeta amarilla',1);
INSERT INTO futbol.sancion VALUES(46,'30515749-K',2016,'Expulsion','Expulsado tarjeta roja directa',1);
INSERT INTO futbol.sancion VALUES(47,'43931555-5',2016,'Expulsion','Expulsado por doble tarjeta amarilla',1);
INSERT INTO futbol.sancion VALUES(48,'12672830-1',2016,'Expulsion','Expulsado por doble tarjeta amarilla',1);
INSERT INTO futbol.sancion VALUES(49,'19070783-0',2016,'Expulsion','Expulsado por doble tarjeta amarilla',1);
INSERT INTO futbol.sancion VALUES(50,'24342410-0',2016,'Expulsion','Expulsado por doble tarjeta amarilla',1);
INSERT INTO futbol.sancion VALUES(51,'31076764-6',2016,'Expulsion','Expulsado por doble tarjeta amarilla',1);
INSERT INTO futbol.sancion VALUES(52,'30410972-6',2016,'Expulsion','Expulsado tarjeta roja directa',1);
INSERT INTO futbol.sancion VALUES(53,'47125242-5',2016,'Expulsion','Expulsado por doble tarjeta amarilla',1);
INSERT INTO futbol.sancion VALUES(54,'39480932-2',2016,'Expulsion','Expulsado por doble tarjeta amarilla',1);
INSERT INTO futbol.sancion VALUES(55,'26951471-K',2016,'Expulsion','Expulsado tarjeta roja directa',1);
INSERT INTO futbol.sancion VALUES(56,'39304439-K',2016,'Expulsion','Expulsado por doble tarjeta amarilla',1);
INSERT INTO futbol.sancion VALUES(57,'38545966-1',2016,'Expulsion','Expulsado por doble tarjeta amarilla',1);
INSERT INTO futbol.sancion VALUES(58,'13196697-0',2016,'Expulsion','Expulsado por doble tarjeta amarilla',1);
INSERT INTO futbol.sancion VALUES(59,'15054655-9',2016,'Expulsion','Expulsado tarjeta roja directa',1);
INSERT INTO futbol.sancion VALUES(60,'27396408-8',2016,'Expulsion','Expulsado tarjeta roja directa',2);
INSERT INTO futbol.sancion VALUES(61,'49395245-5',2016,'Expulsion','Expulsado tarjeta roja directa',1);
INSERT INTO futbol.sancion VALUES(62,'26794487-3',2016,'Expulsion','Expulsado tarjeta roja directa',1);
INSERT INTO futbol.sancion VALUES(63,'47587555-9',2016,'Expulsion','Expulsado por doble tarjeta amarilla',1);